{
    "name": "root",
    "gauges": {
        "GroupJumper.Policy.Entropy.mean": {
            "value": 2.3421761989593506,
            "min": 2.290316581726074,
            "max": 2.398653030395508,
            "count": 40
        },
        "GroupJumper.Policy.Entropy.sum": {
            "value": 118045.6796875,
            "min": 112522.8125,
            "max": 120892.109375,
            "count": 40
        },
        "GroupJumper.Environment.EpisodeLength.mean": {
            "value": 49.0,
            "min": 49.0,
            "max": 49.0,
            "count": 40
        },
        "GroupJumper.Environment.EpisodeLength.sum": {
            "value": 49392.0,
            "min": 47628.0,
            "max": 49392.0,
            "count": 40
        },
        "GroupJumper.Step.mean": {
            "value": 1999950.0,
            "min": 49950.0,
            "max": 1999950.0,
            "count": 40
        },
        "GroupJumper.Step.sum": {
            "value": 1999950.0,
            "min": 49950.0,
            "max": 1999950.0,
            "count": 40
        },
        "GroupJumper.Policy.ExtrinsicBaselineEstimate.mean": {
            "value": 14.180611610412598,
            "min": 13.968177795410156,
            "max": 29.358264923095703,
            "count": 40
        },
        "GroupJumper.Policy.ExtrinsicBaselineEstimate.sum": {
            "value": 14180.611328125,
            "min": 13968.177734375,
            "max": 29328.90625,
            "count": 40
        },
        "GroupJumper.Policy.ExtrinsicValueEstimate.mean": {
            "value": 15.215571403503418,
            "min": 14.375027656555176,
            "max": 29.536670684814453,
            "count": 40
        },
        "GroupJumper.Policy.ExtrinsicValueEstimate.sum": {
            "value": 15215.5712890625,
            "min": 14375.02734375,
            "max": 29507.134765625,
            "count": 40
        },
        "GroupJumper.Environment.CumulativeReward.mean": {
            "value": -0.1478499969318509,
            "min": -0.15489999689906836,
            "max": -0.11268999662995338,
            "count": 40
        },
        "GroupJumper.Environment.CumulativeReward.sum": {
            "value": -147.8499969318509,
            "min": -154.89999689906836,
            "max": -112.68999662995338,
            "count": 40
        },
        "GroupJumper.Policy.ExtrinsicReward.mean": {
            "value": 9.386280278921127,
            "min": 4.465050449162722,
            "max": 14.933910398960114,
            "count": 40
        },
        "GroupJumper.Policy.ExtrinsicReward.sum": {
            "value": 9386.280278921127,
            "min": 4465.050449162722,
            "max": 14933.910398960114,
            "count": 40
        },
        "GroupJumper.Environment.GroupCumulativeReward.mean": {
            "value": 9.830000038444997,
            "min": 4.874000356599688,
            "max": 15.350000071771444,
            "count": 40
        },
        "GroupJumper.Environment.GroupCumulativeReward.sum": {
            "value": 9830.000038444996,
            "min": 4874.0003565996885,
            "max": 15350.000071771443,
            "count": 40
        },
        "GroupJumper.Losses.PolicyLoss.mean": {
            "value": 0.016568801047590873,
            "min": 0.014406445339166869,
            "max": 0.0197982540470548,
            "count": 40
        },
        "GroupJumper.Losses.PolicyLoss.sum": {
            "value": 0.03313760209518175,
            "min": 0.028812890678333737,
            "max": 0.05937567844133203,
            "count": 40
        },
        "GroupJumper.Losses.ValueLoss.mean": {
            "value": 61.99698683420817,
            "min": 37.441636657714845,
            "max": 94.36108417510987,
            "count": 40
        },
        "GroupJumper.Losses.ValueLoss.sum": {
            "value": 123.99397366841634,
            "min": 74.88327331542969,
            "max": 250.06489741007488,
            "count": 40
        },
        "GroupJumper.Losses.BaselineLoss.mean": {
            "value": 119.92508608500162,
            "min": 63.8297166188558,
            "max": 178.08196436564128,
            "count": 40
        },
        "GroupJumper.Losses.BaselineLoss.sum": {
            "value": 239.85017217000325,
            "min": 127.6594332377116,
            "max": 415.18987096150715,
            "count": 40
        },
        "GroupJumper.Policy.LearningRate.mean": {
            "value": 0.0003,
            "min": 0.0003,
            "max": 0.0003,
            "count": 40
        },
        "GroupJumper.Policy.LearningRate.sum": {
            "value": 0.0006,
            "min": 0.0006,
            "max": 0.0009,
            "count": 40
        },
        "GroupJumper.Policy.Epsilon.mean": {
            "value": 0.10117999999999996,
            "min": 0.10117999999999996,
            "max": 0.19838000000000006,
            "count": 40
        },
        "GroupJumper.Policy.Epsilon.sum": {
            "value": 0.20235999999999993,
            "min": 0.20235999999999993,
            "max": 0.57408,
            "count": 40
        },
        "GroupJumper.Policy.Beta.mean": {
            "value": 0.010000000000000002,
            "min": 0.010000000000000002,
            "max": 0.010000000000000002,
            "count": 40
        },
        "GroupJumper.Policy.Beta.sum": {
            "value": 0.020000000000000004,
            "min": 0.020000000000000004,
            "max": 0.030000000000000006,
            "count": 40
        },
        "GroupJumper.IsTraining.mean": {
            "value": 1.0,
            "min": 1.0,
            "max": 1.0,
            "count": 40
        },
        "GroupJumper.IsTraining.sum": {
            "value": 1.0,
            "min": 1.0,
            "max": 1.0,
            "count": 40
        }
    },
    "metadata": {
        "timer_format_version": "0.1.0",
        "start_time_seconds": "1680088186",
        "python_version": "3.9.13 (main, Oct 13 2022, 16:12:30) \n[Clang 12.0.0 ]",
        "command_line_arguments": "/Users/admin/opt/anaconda3/envs/my_rl_env/bin/mlagents-learn /Users/admin/Desktop/GameProjects/TestMLAgents/config/groupjumper_v10.yaml --env=/Users/admin/Desktop/GroupAgent_skill2_v2.app --run-id=GroupJumper_Skill2_v2 --initialize-from=/Users/admin/Desktop/GameProjects/TestMLAgents/results/GroupJumper_Skill2_v1 --no-graphic",
        "mlagents_version": "0.30.0",
        "mlagents_envs_version": "0.30.0",
        "communication_protocol_version": "1.5.0",
        "pytorch_version": "1.11.0",
        "numpy_version": "1.21.2",
        "end_time_seconds": "1680098540"
    },
    "total": 10354.148137826,
    "count": 1,
    "self": 0.9463470410009904,
    "children": {
        "run_training.setup": {
            "total": 0.027962129000000058,
            "count": 1,
            "self": 0.027962129000000058
        },
        "TrainerController.start_learning": {
            "total": 10353.173828656,
            "count": 1,
            "self": 1.063363239825776,
            "children": {
                "TrainerController._reset_env": {
                    "total": 2.8727218070000005,
                    "count": 1,
                    "self": 2.8727218070000005
                },
                "TrainerController.advance": {
                    "total": 10349.058556197175,
                    "count": 55601,
                    "self": 1.16636075709539,
                    "children": {
                        "env_step": {
                            "total": 2866.4221309360223,
                            "count": 55601,
                            "self": 2738.6506391390135,
                            "children": {
                                "SubprocessEnvManager._take_step": {
                                    "total": 126.74484932499138,
                                    "count": 55601,
                                    "self": 3.562695564954211,