{
    "name": "root",
    "gauges": {
        "GroupJumper.Policy.Entropy.mean": {
            "value": 2.4743800163269043,
            "min": 2.3688011169433594,
            "max": 2.7054953575134277,
            "count": 23
        },
        "GroupJumper.Policy.Entropy.sum": {
            "value": 120254.8671875,
            "min": 115588.1875,
            "max": 136292.03125,
            "count": 23
        },
        "GroupJumper.Environment.EpisodeLength.mean": {
            "value": 49.0,
            "min": 48.96296296296296,
            "max": 49.0,
            "count": 23
        },
        "GroupJumper.Environment.EpisodeLength.sum": {
            "value": 47628.0,
            "min": 47592.0,
            "max": 49392.0,
            "count": 23
        },
        "GroupJumper.Step.mean": {
            "value": 1649974.0,
            "min": 549954.0,
            "max": 1649974.0,
            "count": 23
        },
        "GroupJumper.Step.sum": {
            "value": 1649974.0,
            "min": 549954.0,
            "max": 1649974.0,
            "count": 23
        },
        "GroupJumper.Policy.ExtrinsicBaselineEstimate.mean": {
            "value": 12.262045860290527,
            "min": -1.6129045486450195,
            "max": 12.542499542236328,
            "count": 23
        },
        "GroupJumper.Policy.ExtrinsicBaselineEstimate.sum": {
            "value": 12262.0458984375,
            "min": -1612.904541015625,
            "max": 12542.5,
            "count": 23
        },
        "GroupJumper.Policy.ExtrinsicValueEstimate.mean": {
            "value": 12.316661834716797,
            "min": -1.431005597114563,
            "max": 13.602703094482422,
            "count": 23
        },
        "GroupJumper.Policy.ExtrinsicValueEstimate.sum": {
            "value": 12316.662109375,
            "min": -1431.005615234375,
            "max": 13602.703125,
            "count": 23
        },
        "GroupJumper.Environment.CumulativeReward.mean": {
            "value": -0.1299599967263639,
            "min": -0.139909362568626,
            "max": -0.10250748912026951,
            "count": 23
        },
        "GroupJumper.Environment.CumulativeReward.sum": {
            "value": -129.9599967263639,
            "min": -138.9299970306456,
            "max": -102.60999660938978,
            "count": 23
        },
        "GroupJumper.Policy.ExtrinsicReward.mean": {
            "value": 6.1962301449328665,
            "min": -1.7505637287853468,
            "max": 11.550260342329741,
            "count": 23
        },
        "GroupJumper.Policy.ExtrinsicReward.sum": {
            "value": 6196.230144932866,
            "min": -1738.3097826838493,
            "max": 11550.26034232974,
            "count": 23
        },
        "GroupJumper.Environment.GroupCumulativeReward.mean": {
            "value": 6.586000283971429,
            "min": -1.3308759176989216,
            "max": 11.942000304453074,
            "count": 23
        },
        "GroupJumper.Environment.GroupCumulativeReward.sum": {
            "value": 6586.000283971429,
            "min": -1321.5597862750292,
            "max": 11942.000304453075,
            "count": 23
        },
        "GroupJumper.Losses.PolicyLoss.mean": {
            "value": 0.017297274687896585,
            "min": 0.014822264694763969,
            "max": 0.02094538445946657,
            "count": 23
        },
        "GroupJumper.Losses.PolicyLoss.sum": {
            "value": 0.05189182406368976,
            "min": 0.029644529389527937,
            "max": 0.0628361533783997,
            "count": 23
        },
        "GroupJumper.Losses.ValueLoss.mean": {
            "value": 55.27911582522921,
            "min": 0.47550275226434074,
            "max": 64.462901602851,
            "count": 23
        },
        "GroupJumper.Losses.ValueLoss.sum": {
            "value": 165.83734747568764,
            "min": 0.9510055045286815,
            "max": 193.38870480855303,
            "count": 23
        },
        "GroupJumper.Losses.BaselineLoss.mean": {
            "value": 92.94607713487413,
            "min": 0.7190943196415901,
            "max": 129.741593170166,
            "count": 23
        },
        "GroupJumper.Losses.BaselineLoss.sum": {
            "value": 278.8382314046224,
            "min": 1.4381886392831802,
            "max": 389.224779510498,
            "count": 23
        },
        "GroupJumper.Policy.LearningRate.mean": {
            "value": 0.0003,
            "min": 0.0003,
            "max": 0.0003,
            "count": 23
        },
        "GroupJumper.Policy.LearningRate.sum": {
            "value": 0.0009,
            "min": 0.0006,
            "max": 0.0009,
            "count": 23
        },
        "GroupJumper.Policy.Epsilon.mean": {
            "value": 0.14588919999999997,
            "min": 0.14588919999999997,
            "max": 0.1822432,
            "count": 23
        },
        "GroupJumper.Policy.Epsilon.sum": {
            "value": 0.43766759999999993,
            "min": 0.29537840000000004,
            "max": 0.5326896000000001,
            "count": 23
        },
        "GroupJumper.Policy.Beta.mean": {
            "value": 0.010000000000000002,
            "min": 0.010000000000000002,
            "max": 0.010000000000000002,
            "count": 23
        },
        "GroupJumper.Policy.Beta.sum": {
            "value": 0.030000000000000006,
            "min": 0.020000000000000004,
            "max": 0.030000000000000006,
            "count": 23
        },
        "GroupJumper.IsTraining.mean": {
            "value": 1.0,
            "min": 1.0,
            "max": 1.0,
            "count": 23
        },
        "GroupJumper.IsTraining.sum": {
            "value": 1.0,
            "min": 1.0,
            "max": 1.0,
            "count": 23
        }
    },
    "metadata": {
        "timer_format_version": "0.1.0",
        "start_time_seconds": "1680151149",
        "python_version": "3.9.13 (main, Oct 13 2022, 16:12:30) \n[Clang 12.0.0 ]",
        "command_line_arguments": "/Users/admin/opt/anaconda3/envs/my_rl_env/bin/mlagents-learn /Users/admin/Desktop/GameProjects/TestMLAgents/config/groupjumper_v3.yaml --env=/Users/admin/Desktop/GroupAgent_skill2_v2.app --run-id=GroupJumper_Skill2_v3 --no-graphic --resume",
        "mlagents_version": "0.30.0",
        "mlagents_envs_version": "0.30.0",
        "communication_protocol_version": "1.5.0",
        "pytorch_version": "1.11.0",
        "numpy_version": "1.21.2",
        "end_time_seconds": "1680157032"
    },
    "total": 5882.750885589,
    "count": 1,
    "self": 0.5517172130003019,
    "children": {
        "run_training.setup": {
            "total": 0.016941108000000038,
            "count": 1,
            "self": 0.016941108000000038
        },
        "TrainerController.start_learning": {
            "total": 5882.182227268,
            "count": 1,
            "self": 0.6751570149881445,
            "children": {
                "TrainerController._reset_env": {
                    "total": 1.8061447580001393,
                    "count": 7,
                    "self": 1.8061447580001393
                },
                "TrainerController.advance": {
                    "total": 5879.539367345012,
                    "count": 32995,
                    "self": 0.6192550360583482,
                    "children": {
                        "env_step": {
                            "total": 1674.0881338599752,
                            "count": 32995,
                            "self": 1600.269131225998,
                            "children": {
                                "SubprocessEnvManager._take_step": {
                                    "total": 73.22988603303268,
                                    "count": 32995,
                                    "self": 2.0590876470099317,