{
    "name": "root",
    "gauges": {
        "Supervisor.Policy.Entropy.mean": {
            "value": 0.19921645522117615,
            "min": 0.19753824174404144,
            "max": 0.5398913621902466,
            "count": 10
        },
        "Supervisor.Policy.Entropy.sum": {
            "value": 9997.478515625,
            "min": 9837.404296875,
            "max": 27093.908203125,
            "count": 10
        },
        "Supervisor.Step.mean": {
            "value": 499992.0,
            "min": 49992.0,
            "max": 499992.0,
            "count": 10
        },
        "Supervisor.Step.sum": {
            "value": 499992.0,
            "min": 49992.0,
            "max": 499992.0,
            "count": 10
        },
        "Supervisor.Policy.ExtrinsicValueEstimate.mean": {
            "value": 10.079052925109863,
            "min": -0.6617631316184998,
            "max": 10.079052925109863,
            "count": 10
        },
        "Supervisor.Policy.ExtrinsicValueEstimate.sum": {
            "value": 10079.052734375,
            "min": -661.1013793945312,
            "max": 10079.052734375,
            "count": 10
        },
        "Supervisor.Environment.EpisodeLength.mean": {
            "value": 99.0,
            "min": 99.0,
            "max": 99.0,
            "count": 10
        },
        "Supervisor.Environment.EpisodeLength.sum": {
            "value": 49302.0,
            "min": 49302.0,
            "max": 49896.0,
            "count": 10
        },
        "Supervisor.Environment.CumulativeReward.mean": {
            "value": 22.5430860137175,
            "min": -11.568273695746818,
            "max": 22.5430860137175,
            "count": 10
        },
        "Supervisor.Environment.CumulativeReward.sum": {
            "value": 11248.999920845032,
            "min": -5761.0003004819155,
            "max": 11248.999920845032,
            "count": 10
        },
        "Supervisor.Policy.ExtrinsicReward.mean": {
            "value": 22.5430860137175,
            "min": -11.568273695746818,
            "max": 22.5430860137175,
            "count": 10
        },
        "Supervisor.Policy.ExtrinsicReward.sum": {
            "value": 11248.999920845032,
            "min": -5761.0003004819155,
            "max": 11248.999920845032,
            "count": 10
        },
        "Supervisor.Losses.PolicyLoss.mean": {
            "value": 0.02372026207934444,
            "min": 0.020815936544871266,
            "max": 0.026959650144757083,
            "count": 10
        },
        "Supervisor.Losses.PolicyLoss.sum": {
            "value": 0.1186013103967222,
            "min": 0.08326374617948507,
            "max": 0.13351374224682028,
            "count": 10
        },
        "Supervisor.Losses.ValueLoss.mean": {
            "value": 39.660338783264166,
            "min": 3.589533659617106,
            "max": 39.96331315040589,
            "count": 10
        },
        "Supervisor.Losses.ValueLoss.sum": {
            "value": 198.30169391632083,
            "min": 17.94766829808553,
            "max": 198.30169391632083,
            "count": 10
        },
        "Supervisor.Policy.LearningRate.mean": {
            "value": 1.6469854510079995e-05,
            "min": 1.6469854510079995e-05,
            "max": 0.0002842248052584,
            "count": 10
        },
        "Supervisor.Policy.LearningRate.sum": {
            "value": 8.234927255039998e-05,
            "min": 8.234927255039998e-05,
            "max": 0.0012793488735503998,
            "count": 10
        },
        "Supervisor.Policy.Epsilon.mean": {
            "value": 0.11097984000000001,
            "min": 0.11097984000000001,
            "max": 0.28948319999999994,
            "count": 10
        },
        "Supervisor.Policy.Epsilon.sum": {
            "value": 0.5548992,
            "min": 0.5195328,
            "max": 1.3528992,
            "count": 10
        },
        "Supervisor.Policy.Beta.mean": {
            "value": 0.0002839470079999999,
            "min": 0.0002839470079999999,
            "max": 0.004737605840000001,
            "count": 10
        },
        "Supervisor.Policy.Beta.sum": {
            "value": 0.0014197350399999995,
            "min": 0.0014197350399999995,
            "max": 0.021329835040000005,
            "count": 10
        },
        "Supervisor.IsTraining.mean": {
            "value": 1.0,
            "min": 1.0,
            "max": 1.0,
            "count": 10
        },
        "Supervisor.IsTraining.sum": {
            "value": 1.0,
            "min": 1.0,
            "max": 1.0,
            "count": 10
        }
    },
    "metadata": {
        "timer_format_version": "0.1.0",
        "start_time_seconds": "1678824678",
        "python_version": "3.9.13 (main, Oct 13 2022, 16:12:30) \n[Clang 12.0.0 ]",
        "command_line_arguments": "/Users/admin/opt/anaconda3/envs/my_rl_env/bin/mlagents-learn /Users/admin/Desktop/GameProjects/TestMLAgents/config/multijumper_v9.yaml --run-id=MultiJumper_v9 --initialize-from=/Users/admin/Desktop/GameProjects/TestMLAgents/results/MultiJumper_v9",
        "mlagents_version": "0.30.0",
        "mlagents_envs_version": "0.30.0",
        "communication_protocol_version": "1.5.0",
        "pytorch_version": "1.11.0",
        "numpy_version": "1.21.2",
        "end_time_seconds": "1678828041"
    },
    "total": 3363.228952411,
    "count": 1,
    "self": 0.007342721999975765,
    "children": {
        "run_training.setup": {
            "total": 0.025754759000000016,
            "count": 1,
            "self": 0.025754759000000016
        },
        "TrainerController.start_learning": {
            "total": 3363.19585493,
            "count": 1,
            "self": 1.570407481995062,
            "children": {
                "TrainerController._reset_env": {
                    "total": 7.114308769,
                    "count": 1,
                    "self": 7.114308769
                },
                "TrainerController.advance": {
                    "total": 3354.337153727005,
                    "count": 83364,
                    "self": 1.587831992025258,
                    "children": {
                        "env_step": {
                            "total": 2267.4618588990065,
                            "count": 83364,
                            "self": 2120.0195864000084,
                            "children": {
                                "SubprocessEnvManager._take_step": {
                                    "total": 145.98180967296418,
                                    "count": 83364,
                                    "self": 4.147681556993831,
                                    "children": {
                                        "TorchPolicy.evaluate": {
                                            "total": 141.83412811597034,
                                            "count": 83364,
                                            "self": 141.83412811597034
                                        }
                                    }
                                },
                                "workers": {
                                    "total": 1.460462826034032,
                                    "count": 83364,
                                    "self": 0.0,
                                    "children": {
                                        "worker_root": {
                                            "total": 3353.0104721920166,
                                            "count": 83364,
                                            "is_parallel": true,
                                            "self": 1361.2200849120163,
                                            "children": {
                                                "steps_from_proto": {
                                                    "total": 0.02629886199999998,
                                                    "count": 1,