{
    "name": "root",
    "gauges": {
        "GroupJumper.Policy.Entropy.mean": {
            "value": 1.215613842010498,
            "min": 1.215613842010498,
            "max": 2.7056612968444824,
            "count": 27
        },
        "GroupJumper.Policy.Entropy.sum": {
            "value": 60685.875,
            "min": 60685.875,
            "max": 137780.390625,
            "count": 27
        },
        "GroupJumper.Environment.EpisodeLength.mean": {
            "value": 4.588195841716969,
            "min": 4.492753623188406,
            "max": 47.85087719298246,
            "count": 27
        },
        "GroupJumper.Environment.EpisodeLength.sum": {
            "value": 41046.0,
            "min": 40878.0,
            "max": 49095.0,
            "count": 27
        },
        "GroupJumper.Step.mean": {
            "value": 1349996.0,
            "min": 49971.0,
            "max": 1349996.0,
            "count": 27
        },
        "GroupJumper.Step.sum": {
            "value": 1349996.0,
            "min": 49971.0,
            "max": 1349996.0,
            "count": 27
        },
        "GroupJumper.Policy.ExtrinsicBaselineEstimate.mean": {
            "value": 36.00279998779297,
            "min": -1.188969373703003,
            "max": 36.00279998779297,
            "count": 27
        },
        "GroupJumper.Policy.ExtrinsicBaselineEstimate.sum": {
            "value": 322189.0625,
            "min": -1292.40966796875,
            "max": 322189.0625,
            "count": 27
        },
        "GroupJumper.Policy.ExtrinsicValueEstimate.mean": {
            "value": 36.036598205566406,
            "min": -1.1808109283447266,
            "max": 36.036598205566406,
            "count": 27
        },
        "GroupJumper.Policy.ExtrinsicValueEstimate.sum": {
            "value": 322491.53125,
            "min": -1283.54150390625,
            "max": 322491.53125,
            "count": 27
        },
        "GroupJumper.Environment.CumulativeReward.mean": {
            "value": 0.0,
            "min": 0.0,
            "max": 0.0,
            "count": 27
        },
        "GroupJumper.Environment.CumulativeReward.sum": {
            "value": 0.0,
            "min": 0.0,
            "max": 0.0,
            "count": 27
        },
        "GroupJumper.Policy.ExtrinsicReward.mean": {
            "value": 1.915285925683209,
            "min": -0.7794486511487765,
            "max": 1.9189039850706842,
            "count": 27
        },
        "GroupJumper.Policy.ExtrinsicReward.sum": {
            "value": 17139.893748939037,
            "min": -797.3759701251984,
            "max": 17456.557752490044,
            "count": 27
        },
        "GroupJumper.Environment.GroupCumulativeReward.mean": {
            "value": 1.915285925683209,
            "min": -0.7794486511487765,
            "max": 1.9189039850706842,
            "count": 27
        },
        "GroupJumper.Environment.GroupCumulativeReward.sum": {
            "value": 17139.893748939037,
            "min": -797.3759701251984,
            "max": 17456.557752490044,
            "count": 27
        },
        "GroupJumper.Losses.PolicyLoss.mean": {
            "value": 0.02261211599688977,
            "min": 0.019954497527214697,
            "max": 0.027540448381720727,
            "count": 27
        },
        "GroupJumper.Losses.PolicyLoss.sum": {
            "value": 0.11306057998444885,
            "min": 0.07981799010885879,
            "max": 0.13770224190860364,
            "count": 27
        },
        "GroupJumper.Losses.ValueLoss.mean": {
            "value": 0.4769311410188674,
            "min": 0.036312234521998714,
            "max": 0.7129340974489848,
            "count": 27
        },
        "GroupJumper.Losses.ValueLoss.sum": {
            "value": 2.384655705094337,
            "min": 0.14524893808799486,
            "max": 3.564670487244924,
            "count": 27
        },
        "GroupJumper.Losses.BaselineLoss.mean": {
            "value": 0.8182116681337357,
            "min": 0.03639657023983697,
            "max": 2.1142442735036213,
            "count": 27
        },
        "GroupJumper.Losses.BaselineLoss.sum": {
            "value": 4.0910583406686785,
            "min": 0.1455862809593479,
            "max": 10.571221367518106,
            "count": 27
        },
        "GroupJumper.Policy.LearningRate.mean": {
            "value": 0.0003,
            "min": 0.0003,
            "max": 0.0003,
            "count": 27
        },
        "GroupJumper.Policy.LearningRate.sum": {
            "value": 0.0014999999999999998,
            "min": 0.0012,
            "max": 0.0014999999999999998,
            "count": 27
        },
        "GroupJumper.Policy.Epsilon.mean": {
            "value": 0.15574068000000002,
            "min": 0.15574068000000002,
            "max": 0.19914000000000004,
            "count": 27
        },
        "GroupJumper.Policy.Epsilon.sum": {
            "value": 0.7787034,
            "min": 0.6633391999999999,
            "max": 0.9879427000000002,
            "count": 27
        },
        "GroupJumper.Policy.Beta.mean": {
            "value": 0.010000000000000002,
            "min": 0.010000000000000002,
            "max": 0.010000000000000002,
            "count": 27
        },
        "GroupJumper.Policy.Beta.sum": {
            "value": 0.05000000000000001,
            "min": 0.04000000000000001,
            "max": 0.05000000000000001,
            "count": 27
        },
        "GroupJumper.IsTraining.mean": {
            "value": 1.0,
            "min": 1.0,
            "max": 1.0,
            "count": 27
        },
        "GroupJumper.IsTraining.sum": {
            "value": 1.0,
            "min": 1.0,
            "max": 1.0,
            "count": 27
        }
    },
    "metadata": {
        "timer_format_version": "0.1.0",
        "start_time_seconds": "1680539631",
        "python_version": "3.9.13 (main, Oct 13 2022, 16:12:30) \n[Clang 12.0.0 ]",
        "command_line_arguments": "/Users/admin/opt/anaconda3/envs/my_rl_env/bin/mlagents-learn /Users/admin/Desktop/GameProjects/TestMLAgents/config/groupjumper_skill2_v1.yaml --env=/Users/admin/Desktop/GroupAgent_Skill2_v1.app --run-id=GroupJumper_Skill2_v1 --no-graphic",
        "mlagents_version": "0.30.0",
        "mlagents_envs_version": "0.30.0",
        "communication_protocol_version": "1.5.0",
        "pytorch_version": "1.11.0",
        "numpy_version": "1.21.2",
        "end_time_seconds": "1680544209"
    },
    "total": 4577.223181659,
    "count": 1,
    "self": 0.2467134710004757,
    "children": {
        "run_training.setup": {
            "total": 0.019486181999999963,
            "count": 1,
            "self": 0.019486181999999963
        },
        "TrainerController.start_learning": {
            "total": 4576.956982006,
            "count": 1,
            "self": 0.855451210024512,
            "children": {
                "TrainerController._reset_env": {
                    "total": 3.189142347,
                    "count": 1,
                    "self": 3.189142347
                },
                "TrainerController.advance": {
                    "total": 4572.770326924976,
                    "count": 39516,
                    "self": 0.7423472890022822,
                    "children": {
                        "env_step": {
                            "total": 1476.1050984119945,
                            "count": 39516,
                            "self": 1410.3545652950338,
                            "children": {
                                "SubprocessEnvManager._take_step": {
                                    "total": 65.09697497903203,
                                    "count": 39516,
                                    "self": 2.339346349988574,