{
    "name": "root",
    "gauges": {
        "GroupJumper.Policy.Entropy.mean": {
            "value": 2.110839605331421,
            "min": 1.9556747674942017,
            "max": 2.705841064453125,
            "count": 42
        },
        "GroupJumper.Policy.Entropy.sum": {
            "value": 102586.8046875,
            "min": 96265.9609375,
            "max": 136374.390625,
            "count": 42
        },
        "GroupJumper.Environment.EpisodeLength.mean": {
            "value": 49.0,
            "min": 48.96296296296296,
            "max": 49.0,
            "count": 42
        },
        "GroupJumper.Environment.EpisodeLength.sum": {
            "value": 47628.0,
            "min": 47592.0,
            "max": 49392.0,
            "count": 42
        },
        "GroupJumper.Step.mean": {
            "value": 2099990.0,
            "min": 49950.0,
            "max": 2099990.0,
            "count": 42
        },
        "GroupJumper.Step.sum": {
            "value": 2099990.0,
            "min": 49950.0,
            "max": 2099990.0,
            "count": 42
        },
        "GroupJumper.Policy.ExtrinsicBaselineEstimate.mean": {
            "value": 47.763038635253906,
            "min": -1.21550452709198,
            "max": 54.92220687866211,
            "count": 42
        },
        "GroupJumper.Policy.ExtrinsicBaselineEstimate.sum": {
            "value": 47763.0390625,
            "min": -1215.5045166015625,
            "max": 54922.20703125,
            "count": 42
        },
        "GroupJumper.Policy.ExtrinsicValueEstimate.mean": {
            "value": 47.9662971496582,
            "min": -1.242905616760254,
            "max": 56.3365478515625,
            "count": 42
        },
        "GroupJumper.Policy.ExtrinsicValueEstimate.sum": {
            "value": 47966.296875,
            "min": -1242.9056396484375,
            "max": 56336.546875,
            "count": 42
        },
        "GroupJumper.Environment.CumulativeReward.mean": {
            "value": -0.11860999622941017,
            "min": -0.14080079764619963,
            "max": -0.08101999690197408,
            "count": 42
        },
        "GroupJumper.Environment.CumulativeReward.sum": {
            "value": -118.60999622941017,
            "min": -140.65999684855342,
            "max": -81.01999690197408,
            "count": 42
        },
        "GroupJumper.Policy.ExtrinsicReward.mean": {
            "value": 24.93224965108931,
            "min": -1.1890797380208968,
            "max": 28.160539700984955,
            "count": 42
        },
        "GroupJumper.Policy.ExtrinsicReward.sum": {
            "value": 24932.24965108931,
            "min": -1189.079738020897,
            "max": 28160.539700984955,
            "count": 42
        },
        "GroupJumper.Environment.GroupCumulativeReward.mean": {
            "value": 25.28799986541271,
            "min": -0.843999786362052,
            "max": 28.5399998338148,
            "count": 42
        },
        "GroupJumper.Environment.GroupCumulativeReward.sum": {
            "value": 25287.999865412712,
            "min": -843.999786362052,
            "max": 28539.9998338148,
            "count": 42
        },
        "GroupJumper.Losses.PolicyLoss.mean": {
            "value": 0.015723793669086366,
            "min": 0.013571496692020447,
            "max": 0.02003572167789874,
            "count": 42
        },
        "GroupJumper.Losses.PolicyLoss.sum": {
            "value": 0.047171381007259094,
            "min": 0.027142993384040894,
            "max": 0.055186871074450514,
            "count": 42
        },
        "GroupJumper.Losses.ValueLoss.mean": {
            "value": 163.69794998168945,
            "min": 1.0133889675140382,
            "max": 167.75237553914388,
            "count": 42
        },
        "GroupJumper.Losses.ValueLoss.sum": {
            "value": 491.09384994506837,
            "min": 2.0267779350280763,
            "max": 491.09384994506837,
            "count": 42
        },
        "GroupJumper.Losses.BaselineLoss.mean": {
            "value": 254.2582492404514,
            "min": 1.0410029292106628,
            "max": 262.20254338582356,
            "count": 42
        },
        "GroupJumper.Losses.BaselineLoss.sum": {
            "value": 762.7747477213542,
            "min": 2.0820058584213257,
            "max": 785.0577540079753,
            "count": 42
        },
        "GroupJumper.Policy.LearningRate.mean": {
            "value": 0.0003,
            "min": 0.0003,
            "max": 0.0003,
            "count": 42
        },
        "GroupJumper.Policy.LearningRate.sum": {
            "value": 0.0009,
            "min": 0.0006,
            "max": 0.0009,
            "count": 42
        },
        "GroupJumper.Policy.Epsilon.mean": {
            "value": 0.13089200000000004,
            "min": 0.13089200000000004,
            "max": 0.19891999999999996,
            "count": 42
        },
        "GroupJumper.Policy.Epsilon.sum": {
            "value": 0.3926760000000001,
            "min": 0.2653828,
            "max": 0.5827200000000001,
            "count": 42
        },
        "GroupJumper.Policy.Beta.mean": {
            "value": 0.010000000000000002,
            "min": 0.010000000000000002,
            "max": 0.010000000000000002,
            "count": 42
        },
        "GroupJumper.Policy.Beta.sum": {
            "value": 0.030000000000000006,
            "min": 0.020000000000000004,
            "max": 0.030000000000000006,
            "count": 42
        },
        "GroupJumper.IsTraining.mean": {
            "value": 1.0,
            "min": 1.0,
            "max": 1.0,
            "count": 42
        },
        "GroupJumper.IsTraining.sum": {
            "value": 1.0,
            "min": 1.0,
            "max": 1.0,
            "count": 42
        }
    },
    "metadata": {
        "timer_format_version": "0.1.0",
        "start_time_seconds": "1680070498",
        "python_version": "3.9.13 (main, Oct 13 2022, 16:12:30) \n[Clang 12.0.0 ]",
        "command_line_arguments": "/Users/admin/opt/anaconda3/envs/my_rl_env/bin/mlagents-learn /Users/admin/Desktop/GameProjects/TestMLAgents/config/groupjumper_v3.yaml --env=/Users/admin/Desktop/GroupAgent_skill2_v1.app --run-id=GroupJumper_Skill2_v1 --no-graphic",
        "mlagents_version": "0.30.0",
        "mlagents_envs_version": "0.30.0",
        "communication_protocol_version": "1.5.0",
        "pytorch_version": "1.11.0",
        "numpy_version": "1.21.2",
        "end_time_seconds": "1680081746"
    },
    "total": 11246.991859491,
    "count": 1,
    "self": 0.33800557699942146,
    "children": {
        "run_training.setup": {
            "total": 0.028294500000000333,
            "count": 1,
            "self": 0.028294500000000333
        },
        "TrainerController.start_learning": {
            "total": 11246.625559414,
            "count": 1,
            "self": 1.1745283189138718,
            "children": {
                "TrainerController._reset_env": {
                    "total": 3.816811714999963,
                    "count": 11,
                    "self": 3.816811714999963
                },
                "TrainerController.advance": {
                    "total": 11241.470357613087,
                    "count": 59602,
                    "self": 1.2272612229426159,
                    "children": {
                        "env_step": {
                            "total": 3167.6175577421564,
                            "count": 59602,
                            "self": 3029.080963997126,
                            "children": {
                                "SubprocessEnvManager._take_step": {
                                    "total": 137.403003309996,
                                    "count": 59602,
                                    "self": 3.9095965489991613,