{
    "name": "root",
    "gauges": {
        "GroupJumper.Policy.Entropy.mean": {
            "value": 1.4011478424072266,
            "min": 0.8937429189682007,
            "max": 1.6451696157455444,
            "count": 44
        },
        "GroupJumper.Policy.Entropy.sum": {
            "value": 69802.3828125,
            "min": 7647.75830078125,
            "max": 82980.7109375,
            "count": 44
        },
        "GroupJumper.Environment.EpisodeLength.mean": {
            "value": 5.859613009468918,
            "min": 4.458252427184466,
            "max": 10.004623513870541,
            "count": 44
        },
        "GroupJumper.Environment.EpisodeLength.sum": {
            "value": 42699.0,
            "min": 6888.0,
            "max": 45441.0,
            "count": 44
        },
        "GroupJumper.Step.mean": {
            "value": 2999999.0,
            "min": 849994.0,
            "max": 2999999.0,
            "count": 44
        },
        "GroupJumper.Step.sum": {
            "value": 2999999.0,
            "min": 849994.0,
            "max": 2999999.0,
            "count": 44
        },
        "GroupJumper.Policy.ExtrinsicBaselineEstimate.mean": {
            "value": 17.474388122558594,
            "min": 11.735918998718262,
            "max": 21.463882446289062,
            "count": 44
        },
        "GroupJumper.Policy.ExtrinsicBaselineEstimate.sum": {
            "value": 127353.3359375,
            "min": 32060.580078125,
            "max": 170036.875,
            "count": 44
        },
        "GroupJumper.Policy.ExtrinsicValueEstimate.mean": {
            "value": 17.412548065185547,
            "min": 11.708333969116211,
            "max": 21.44122314453125,
            "count": 44
        },
        "GroupJumper.Policy.ExtrinsicValueEstimate.sum": {
            "value": 126902.65625,
            "min": 32117.25,
            "max": 169857.375,
            "count": 44
        },
        "GroupJumper.Environment.CumulativeReward.mean": {
            "value": 0.0,
            "min": 0.0,
            "max": 0.0,
            "count": 44
        },
        "GroupJumper.Environment.CumulativeReward.sum": {
            "value": 0.0,
            "min": 0.0,
            "max": 0.0,
            "count": 44
        },
        "GroupJumper.Policy.ExtrinsicReward.mean": {
            "value": 0.8590115190664578,
            "min": 0.6967574311500343,
            "max": 0.9101957156916215,
            "count": 44
        },
        "GroupJumper.Policy.ExtrinsicReward.sum": {
            "value": 6260.475950956345,
            "min": 1404.431989312172,
            "max": 7315.697933912277,
            "count": 44
        },
        "GroupJumper.Environment.GroupCumulativeReward.mean": {
            "value": 0.8590115190664578,
            "min": 0.6967574311500343,
            "max": 0.9101957156916215,
            "count": 44
        },
        "GroupJumper.Environment.GroupCumulativeReward.sum": {
            "value": 6260.475950956345,
            "min": 1404.431989312172,
            "max": 7315.697933912277,
            "count": 44
        },
        "GroupJumper.Losses.PolicyLoss.mean": {
            "value": 0.1837380222206825,
            "min": 0.17637697788171044,
            "max": 0.1857838169185034,
            "count": 44
        },
        "GroupJumper.Losses.PolicyLoss.sum": {
            "value": 96.46246166585831,
            "min": 18.34155253852304,
            "max": 104.96785655895442,
            "count": 44
        },
        "GroupJumper.Losses.ValueLoss.mean": {
            "value": 0.7845647301505612,
            "min": 0.3250464645755175,
            "max": 4.68713804918538,
            "count": 44
        },
        "GroupJumper.Losses.ValueLoss.sum": {
            "value": 411.8964833290446,
            "min": 43.30367537552115,
            "max": 2226.3905733630554,
            "count": 44
        },
        "GroupJumper.Losses.BaselineLoss.mean": {
            "value": 1.7105971927420558,
            "min": 0.7683891238086031,
            "max": 12.326966556781668,
            "count": 44
        },
        "GroupJumper.Losses.BaselineLoss.sum": {
            "value": 898.0635261895793,
            "min": 82.41046504676197,
            "max": 5855.309114471293,
            "count": 44
        },
        "GroupJumper.Policy.LearningRate.mean": {
            "value": 0.0003,
            "min": 0.0002999999999999999,
            "max": 0.00030000000000000003,
            "count": 44
        },
        "GroupJumper.Policy.LearningRate.sum": {
            "value": 0.15749999999999997,
            "min": 0.030000000000000002,
            "max": 0.17309999999999998,
            "count": 44
        },
        "GroupJumper.Policy.Epsilon.mean": {
            "value": 0.10087041199999999,
            "min": 0.10087041199999999,
            "max": 0.17180868833333335,
            "count": 44
        },
        "GroupJumper.Policy.Epsilon.sum": {
            "value": 52.9569663,
            "min": 17.180868833333335,
            "max": 97.60256693333334,
            "count": 44
        },
        "GroupJumper.Policy.Beta.mean": {
            "value": 0.010000000000000002,
            "min": 0.009999999999999998,
            "max": 0.010000000000000002,
            "count": 44
        },
        "GroupJumper.Policy.Beta.sum": {
            "value": 5.250000000000001,
            "min": 1.0,
            "max": 5.77,
            "count": 44
        },
        "GroupJumper.IsTraining.mean": {
            "value": 1.0,
            "min": 1.0,
            "max": 1.0,
            "count": 44
        },
        "GroupJumper.IsTraining.sum": {
            "value": 1.0,
            "min": 1.0,
            "max": 1.0,
            "count": 44
        }
    },
    "metadata": {
        "timer_format_version": "0.1.0",
        "start_time_seconds": "1680495752",
        "python_version": "3.9.13 (main, Oct 13 2022, 16:12:30) \n[Clang 12.0.0 ]",
        "command_line_arguments": "/Users/admin/opt/anaconda3/envs/my_rl_env/bin/mlagents-learn /Users/admin/Desktop/GameProjects/TestMLAgents/config/groupjumper_skill1_v5.yaml --env=/Users/admin/Desktop/GroupAgent_skill1_v7.app --run-id=GroupJumper_Skill1_v7 --no-graphic --resume",
        "mlagents_version": "0.30.0",
        "mlagents_envs_version": "0.30.0",
        "communication_protocol_version": "1.5.0",
        "pytorch_version": "1.11.0",
        "numpy_version": "1.21.2",
        "end_time_seconds": "1680512224"
    },
    "total": 16472.188800515003,
    "count": 1,
    "self": 0.7714434850022371,
    "children": {
        "run_training.setup": {
            "total": 0.029952770999999823,
            "count": 1,
            "self": 0.029952770999999823
        },
        "TrainerController.start_learning": {
            "total": 16471.387404259,
            "count": 1,
            "self": 1.6669922199944267,
            "children": {
                "TrainerController._reset_env": {
                    "total": 1.8393619989999999,
                    "count": 1,
                    "self": 1.8393619989999999
                },
                "TrainerController.advance": {
                    "total": 16467.749152814005,
                    "count": 62568,
                    "self": 1.1933331969485153,
                    "children": {
                        "env_step": {
                            "total": 2409.1578405001683,
                            "count": 62568,
                            "self": 2307.706228086334,
                            "children": {
                                "SubprocessEnvManager._take_step": {
                                    "total": 100.45088001403676,
                                    "count": 62568,
                                    "self": 4.093112886038213,