{
    "name": "root",
    "gauges": {
        "GroupJumper.Policy.Entropy.mean": {
            "value": 0.9597556591033936,
            "min": 0.9597556591033936,
            "max": 1.079103946685791,
            "count": 10
        },
        "GroupJumper.Policy.Entropy.sum": {
            "value": 48233.48046875,
            "min": 48181.140625,
            "max": 54386.8359375,
            "count": 10
        },
        "GroupJumper.Environment.EpisodeLength.mean": {
            "value": 47.241279069767444,
            "min": 46.902578796561606,
            "max": 52.61842105263158,
            "count": 10
        },
        "GroupJumper.Environment.EpisodeLength.sum": {
            "value": 48753.0,
            "min": 47988.0,
            "max": 49446.0,
            "count": 10
        },
        "GroupJumper.Step.mean": {
            "value": 499983.0,
            "min": 49971.0,
            "max": 499983.0,
            "count": 10
        },
        "GroupJumper.Step.sum": {
            "value": 499983.0,
            "min": 49971.0,
            "max": 499983.0,
            "count": 10
        },
        "GroupJumper.Policy.ExtrinsicBaselineEstimate.mean": {
            "value": 11.573820114135742,
            "min": 11.242432594299316,
            "max": 11.96843147277832,
            "count": 10
        },
        "GroupJumper.Policy.ExtrinsicBaselineEstimate.sum": {
            "value": 14027.4697265625,
            "min": 13308.337890625,
            "max": 14737.841796875,
            "count": 10
        },
        "GroupJumper.Policy.ExtrinsicValueEstimate.mean": {
            "value": 11.55640983581543,
            "min": 11.103754997253418,
            "max": 11.783330917358398,
            "count": 10
        },
        "GroupJumper.Policy.ExtrinsicValueEstimate.sum": {
            "value": 14006.3681640625,
            "min": 13253.689453125,
            "max": 14507.984375,
            "count": 10
        },
        "GroupJumper.Environment.CumulativeReward.mean": {
            "value": -0.07206165461993,
            "min": -0.0757085802200847,
            "max": -0.0652485637681605,
            "count": 10
        },
        "GroupJumper.Environment.CumulativeReward.sum": {
            "value": -74.79999749548733,
            "min": -75.85999738052487,
            "max": -63.37999774888158,
            "count": 10
        },
        "GroupJumper.Policy.ExtrinsicReward.mean": {
            "value": 15.243382800957242,
            "min": 14.961740387806103,
            "max": 15.420728272011903,
            "count": 10
        },
        "GroupJumper.Policy.ExtrinsicReward.sum": {
            "value": 15822.631347393617,
            "min": 14143.261204317212,
            "max": 15822.631347393617,
            "count": 10
        },
        "GroupJumper.Environment.GroupCumulativeReward.mean": {
            "value": 15.4595679488959,
            "min": 15.176585286335083,
            "max": 15.642673330383342,
            "count": 10
        },
        "GroupJumper.Environment.GroupCumulativeReward.sum": {
            "value": 16047.031530953944,
            "min": 14333.401347756386,
            "max": 16047.031530953944,
            "count": 10
        },
        "GroupJumper.Losses.PolicyLoss.mean": {
            "value": 0.025370674378549056,
            "min": 0.021170497798205665,
            "max": 0.025370674378549056,
            "count": 10
        },
        "GroupJumper.Losses.PolicyLoss.sum": {
            "value": 0.1268533718927453,
            "min": 0.08468199119282266,
            "max": 0.1268533718927453,
            "count": 10
        },
        "GroupJumper.Losses.ValueLoss.mean": {
            "value": 4.027554818789164,
            "min": 3.333443343639374,
            "max": 4.138876714706421,
            "count": 10
        },
        "GroupJumper.Losses.ValueLoss.sum": {
            "value": 20.13777409394582,
            "min": 13.333773374557495,
            "max": 20.694383573532104,
            "count": 10
        },
        "GroupJumper.Losses.BaselineLoss.mean": {
            "value": 4.134793876012166,
            "min": 3.4532435377438864,
            "max": 4.328599079449972,
            "count": 10
        },
        "GroupJumper.Losses.BaselineLoss.sum": {
            "value": 20.673969380060832,
            "min": 13.812974150975545,
            "max": 21.64299539724986,
            "count": 10
        },
        "GroupJumper.Policy.LearningRate.mean": {
            "value": 0.0003,
            "min": 0.0003,
            "max": 0.0003,
            "count": 10
        },
        "GroupJumper.Policy.LearningRate.sum": {
            "value": 0.0014999999999999998,
            "min": 0.0012,
            "max": 0.0014999999999999998,
            "count": 10
        },
        "GroupJumper.Policy.Epsilon.mean": {
            "value": 0.10549436000000004,
            "min": 0.10549436000000004,
            "max": 0.194813,
            "count": 10
        },
        "GroupJumper.Policy.Epsilon.sum": {
            "value": 0.5274718000000002,
            "min": 0.45922879999999994,
            "max": 0.9276334,
            "count": 10
        },
        "GroupJumper.Policy.Beta.mean": {
            "value": 0.010000000000000002,
            "min": 0.010000000000000002,
            "max": 0.010000000000000002,
            "count": 10
        },
        "GroupJumper.Policy.Beta.sum": {
            "value": 0.05000000000000001,
            "min": 0.04000000000000001,
            "max": 0.05000000000000001,
            "count": 10
        },
        "GroupJumper.IsTraining.mean": {
            "value": 1.0,
            "min": 1.0,
            "max": 1.0,
            "count": 10
        },
        "GroupJumper.IsTraining.sum": {
            "value": 1.0,
            "min": 1.0,
            "max": 1.0,
            "count": 10
        }
    },
    "metadata": {
        "timer_format_version": "0.1.0",
        "start_time_seconds": "1678988705",
        "python_version": "3.9.13 (main, Oct 13 2022, 16:12:30) \n[Clang 12.0.0 ]",
        "command_line_arguments": "/Users/admin/opt/anaconda3/envs/my_rl_env/bin/mlagents-learn /Users/admin/Desktop/GameProjects/TestMLAgents/config/groupjumper_v2.yaml --run-id=GroupJumper_v2 --initialize-from=/Users/admin/Desktop/GameProjects/TestMLAgents/results/GroupJumper_v2",
        "mlagents_version": "0.30.0",
        "mlagents_envs_version": "0.30.0",
        "communication_protocol_version": "1.5.0",
        "pytorch_version": "1.11.0",
        "numpy_version": "1.21.2",
        "end_time_seconds": "1678993024"
    },
    "total": 4319.025348153999,
    "count": 1,
    "self": 0.007884189999458613,
    "children": {
        "run_training.setup": {
            "total": 0.02479136500000001,
            "count": 1,
            "self": 0.02479136500000001
        },
        "TrainerController.start_learning": {
            "total": 4318.992672599,
            "count": 1,
            "self": 0.3004072219700902,
            "children": {
                "TrainerController._reset_env": {
                    "total": 7.942838714999999,
                    "count": 1,
                    "self": 7.942838714999999
                },
                "TrainerController.advance": {
                    "total": 4310.64687318003,
                    "count": 13917,
                    "self": 0.29405151005539665,
                    "children": {
                        "env_step": {
                            "total": 3330.278972351982,
                            "count": 13917,
                            "self": 3307.3442365550077,
                            "children": {
                                "SubprocessEnvManager._take_step": {
                                    "total": 22.662223277977617,
                                    "count": 13917,
                                    "self": 0.8965145420034446,