{
    "name": "root",
    "gauges": {
        "GroupJumper.Policy.Entropy.mean": {
            "value": 0.5085703134536743,
            "min": 0.47696587443351746,
            "max": 0.9253318905830383,
            "count": 10
        },
        "GroupJumper.Policy.Entropy.sum": {
            "value": 25485.4765625,
            "min": 23798.689453125,
            "max": 46636.7265625,
            "count": 10
        },
        "GroupJumper.Step.mean": {
            "value": 499982.0,
            "min": 49976.0,
            "max": 499982.0,
            "count": 10
        },
        "GroupJumper.Step.sum": {
            "value": 499982.0,
            "min": 49976.0,
            "max": 499982.0,
            "count": 10
        },
        "GroupJumper.Policy.ExtrinsicBaselineEstimate.mean": {
            "value": 28.354293823242188,
            "min": 13.299017906188965,
            "max": 28.354293823242188,
            "count": 10
        },
        "GroupJumper.Policy.ExtrinsicBaselineEstimate.sum": {
            "value": 26482.91015625,
            "min": 13112.83203125,
            "max": 26653.99609375,
            "count": 10
        },
        "GroupJumper.Policy.ExtrinsicValueEstimate.mean": {
            "value": 28.543371200561523,
            "min": 13.999250411987305,
            "max": 28.5633544921875,
            "count": 10
        },
        "GroupJumper.Policy.ExtrinsicValueEstimate.sum": {
            "value": 26659.5078125,
            "min": 13803.2607421875,
            "max": 26935.244140625,
            "count": 10
        },
        "GroupJumper.Environment.EpisodeLength.mean": {
            "value": 159.73076923076923,
            "min": 159.73076923076923,
            "max": 196.8095238095238,
            "count": 10
        },
        "GroupJumper.Environment.EpisodeLength.sum": {
            "value": 49836.0,
            "min": 47826.0,
            "max": 50913.0,
            "count": 10
        },
        "GroupJumper.Environment.CumulativeReward.mean": {
            "value": -0.2853525532230448,
            "min": -0.3670748157084596,
            "max": -0.2667857029765554,
            "count": 10
        },
        "GroupJumper.Environment.CumulativeReward.sum": {
            "value": -89.02999660558999,
            "min": -107.91999581828713,
            "max": -76.68999747000635,
            "count": 10
        },
        "GroupJumper.Policy.ExtrinsicReward.mean": {
            "value": 71.8300052945717,
            "min": 49.55119518474454,
            "max": 73.74231046322105,
            "count": 10
        },
        "GroupJumper.Policy.ExtrinsicReward.sum": {
            "value": 22410.96165190637,
            "min": 12486.901186555624,
            "max": 22991.9516903162,
            "count": 10
        },
        "GroupJumper.Environment.GroupCumulativeReward.mean": {
            "value": 72.6860626956018,
            "min": 50.519171287350005,
            "max": 74.54260266020701,
            "count": 10
        },
        "GroupJumper.Environment.GroupCumulativeReward.sum": {
            "value": 22678.051561027765,
            "min": 12730.8311644122,
            "max": 23260.761624455452,
            "count": 10
        },
        "GroupJumper.Losses.PolicyLoss.mean": {
            "value": 0.023306018601482115,
            "min": 0.022319079774509493,
            "max": 0.026427676952302907,
            "count": 10
        },
        "GroupJumper.Losses.PolicyLoss.sum": {
            "value": 0.11653009300741057,
            "min": 0.08927631909803797,
            "max": 0.13213838476151454,
            "count": 10
        },
        "GroupJumper.Losses.ValueLoss.mean": {
            "value": 4.043171688715617,
            "min": 0.9180239467909843,
            "max": 4.24296100139618,
            "count": 10
        },
        "GroupJumper.Losses.ValueLoss.sum": {
            "value": 20.215858443578085,
            "min": 4.590119733954921,
            "max": 21.2148050069809,
            "count": 10
        },
        "GroupJumper.Losses.BaselineLoss.mean": {
            "value": 5.030134765307109,
            "min": 3.4103738758780735,
            "max": 5.362018954753876,
            "count": 10
        },
        "GroupJumper.Losses.BaselineLoss.sum": {
            "value": 25.150673826535545,
            "min": 17.051869379390368,
            "max": 25.805221223831175,
            "count": 10
        },
        "GroupJumper.Policy.LearningRate.mean": {
            "value": 0.0003,
            "min": 0.0003,
            "max": 0.0003,
            "count": 10
        },
        "GroupJumper.Policy.LearningRate.sum": {
            "value": 0.0014999999999999998,
            "min": 0.0012,
            "max": 0.0014999999999999998,
            "count": 10
        },
        "GroupJumper.Policy.Epsilon.mean": {
            "value": 0.10434139999999999,
            "min": 0.10434139999999999,
            "max": 0.1945058,
            "count": 10
        },
        "GroupJumper.Policy.Epsilon.sum": {
            "value": 0.5217069999999999,
            "min": 0.5217069999999999,
            "max": 0.9247018,
            "count": 10
        },
        "GroupJumper.Policy.Beta.mean": {
            "value": 0.010000000000000002,
            "min": 0.010000000000000002,
            "max": 0.010000000000000002,
            "count": 10
        },
        "GroupJumper.Policy.Beta.sum": {
            "value": 0.05000000000000001,
            "min": 0.04000000000000001,
            "max": 0.05000000000000001,
            "count": 10
        },
        "GroupJumper.IsTraining.mean": {
            "value": 1.0,
            "min": 1.0,
            "max": 1.0,
            "count": 10
        },
        "GroupJumper.IsTraining.sum": {
            "value": 1.0,
            "min": 1.0,
            "max": 1.0,
            "count": 10
        }
    },
    "metadata": {
        "timer_format_version": "0.1.0",
        "start_time_seconds": "1679208792",
        "python_version": "3.9.13 (main, Oct 13 2022, 16:12:30) \n[Clang 12.0.0 ]",
        "command_line_arguments": "/Users/admin/opt/anaconda3/envs/my_rl_env/bin/mlagents-learn /Users/admin/Desktop/GameProjects/TestMLAgents/config/groupjumper_v2.yaml --run-id=GroupJumper_v2 --initialize-from=/Users/admin/Desktop/GameProjects/TestMLAgents/results/GroupJumper_v2 --force",
        "mlagents_version": "0.30.0",
        "mlagents_envs_version": "0.30.0",
        "communication_protocol_version": "1.5.0",
        "pytorch_version": "1.11.0",
        "numpy_version": "1.21.2",
        "end_time_seconds": "1679212642"
    },
    "total": 3850.471230293,
    "count": 1,
    "self": 0.013187069000196061,
    "children": {
        "run_training.setup": {
            "total": 0.027030816999999985,
            "count": 1,
            "self": 0.027030816999999985
        },
        "TrainerController.start_learning": {
            "total": 3850.431012407,
            "count": 1,
            "self": 0.29757349300507485,
            "children": {
                "TrainerController._reset_env": {
                    "total": 10.177557146000002,
                    "count": 1,
                    "self": 10.177557146000002
                },
                "TrainerController.advance": {
                    "total": 3839.8470517169944,
                    "count": 13923,
                    "self": 0.2842275500170217,
                    "children": {
                        "env_step": {
                            "total": 2920.9777287149864,
                            "count": 13923,
                            "self": 2899.781678584957,
                            "children": {
                                "SubprocessEnvManager._take_step": {
                                    "total": 20.938619337022853,
                                    "count": 13923,
                                    "self": 0.8223836990044155,