{
    "name": "root",
    "gauges": {
        "GroupJumper.Policy.Entropy.mean": {
            "value": 1.1431560516357422,
            "min": 1.1431560516357422,
            "max": 1.6103380918502808,
            "count": 26
        },
        "GroupJumper.Policy.Entropy.sum": {
            "value": 57186.37890625,
            "min": 2835.805419921875,
            "max": 78389.8671875,
            "count": 26
        },
        "GroupJumper.Environment.EpisodeLength.mean": {
            "value": 6.965088474414156,
            "min": 6.77974801679888,
            "max": 14.806451612903226,
            "count": 26
        },
        "GroupJumper.Environment.EpisodeLength.sum": {
            "value": 43692.0,
            "min": 1377.0,
            "max": 46740.0,
            "count": 26
        },
        "GroupJumper.Step.mean": {
            "value": 2849999.0,
            "min": 1599997.0,
            "max": 2849999.0,
            "count": 26
        },
        "GroupJumper.Step.sum": {
            "value": 2849999.0,
            "min": 1599997.0,
            "max": 2849999.0,
            "count": 26
        },
        "GroupJumper.Policy.ExtrinsicBaselineEstimate.mean": {
            "value": 13.715837478637695,
            "min": 4.348276138305664,
            "max": 13.715837478637695,
            "count": 26
        },
        "GroupJumper.Policy.ExtrinsicBaselineEstimate.sum": {
            "value": 86094.3125,
            "min": 386.99658203125,
            "max": 86094.3125,
            "count": 26
        },
        "GroupJumper.Policy.ExtrinsicValueEstimate.mean": {
            "value": 13.691049575805664,
            "min": 4.381292819976807,
            "max": 13.691049575805664,
            "count": 26
        },
        "GroupJumper.Policy.ExtrinsicValueEstimate.sum": {
            "value": 85938.71875,
            "min": 391.7007751464844,
            "max": 85938.71875,
            "count": 26
        },
        "GroupJumper.Environment.CumulativeReward.mean": {
            "value": 0.0,
            "min": 0.0,
            "max": 0.0,
            "count": 26
        },
        "GroupJumper.Environment.CumulativeReward.sum": {
            "value": 0.0,
            "min": 0.0,
            "max": 0.0,
            "count": 26
        },
        "GroupJumper.Policy.ExtrinsicReward.mean": {
            "value": 0.8715921581617602,
            "min": 0.6584719004256002,
            "max": 0.8769220692927108,
            "count": 26
        },
        "GroupJumper.Policy.ExtrinsicReward.sum": {
            "value": 5470.983976781368,
            "min": 58.60399913787842,
            "max": 5637.731983482838,
            "count": 26
        },
        "GroupJumper.Environment.GroupCumulativeReward.mean": {
            "value": 0.8715921581617602,
            "min": 0.6584719004256002,
            "max": 0.8769220692927108,
            "count": 26
        },
        "GroupJumper.Environment.GroupCumulativeReward.sum": {
            "value": 5470.983976781368,
            "min": 58.60399913787842,
            "max": 5637.731983482838,
            "count": 26
        },
        "GroupJumper.IsTraining.mean": {
            "value": 1.0,
            "min": 1.0,
            "max": 1.0,
            "count": 26
        },
        "GroupJumper.IsTraining.sum": {
            "value": 1.0,
            "min": 1.0,
            "max": 1.0,
            "count": 26
        },
        "GroupJumper.Losses.PolicyLoss.mean": {
            "value": 0.02039064854189443,
            "min": 0.02039064854189443,
            "max": 0.028276856268445654,
            "count": 25
        },
        "GroupJumper.Losses.PolicyLoss.sum": {
            "value": 0.10195324270947215,
            "min": 0.08987825463215511,
            "max": 0.14138428134222827,
            "count": 25
        },
        "GroupJumper.Losses.ValueLoss.mean": {
            "value": 0.10653108925869068,
            "min": 0.07706179961562157,
            "max": 0.19439365898569425,
            "count": 25
        },
        "GroupJumper.Losses.ValueLoss.sum": {
            "value": 0.5326554462934534,
            "min": 0.38530899807810787,
            "max": 0.9719682949284713,
            "count": 25
        },
        "GroupJumper.Losses.BaselineLoss.mean": {
            "value": 0.2171926293273767,
            "min": 0.11825948034723602,
            "max": 0.3801905470093091,
            "count": 25
        },
        "GroupJumper.Losses.BaselineLoss.sum": {
            "value": 1.0859631466368835,
            "min": 0.5912974017361801,
            "max": 1.9009527350465456,
            "count": 25
        },
        "GroupJumper.Policy.LearningRate.mean": {
            "value": 0.0003,
            "min": 0.0003,
            "max": 0.0003,
            "count": 25
        },
        "GroupJumper.Policy.LearningRate.sum": {
            "value": 0.0014999999999999998,
            "min": 0.0012,
            "max": 0.0014999999999999998,
            "count": 25
        },
        "GroupJumper.Policy.Epsilon.mean": {
            "value": 0.10595143999999998,
            "min": 0.10595143999999998,
            "max": 0.14568692,
            "count": 25
        },
        "GroupJumper.Policy.Epsilon.sum": {
            "value": 0.5297571999999999,
            "min": 0.42996059999999997,
            "max": 0.7284346,
            "count": 25
        },
        "GroupJumper.Policy.Beta.mean": {
            "value": 0.010000000000000002,
            "min": 0.010000000000000002,
            "max": 0.010000000000000002,
            "count": 25
        },
        "GroupJumper.Policy.Beta.sum": {
            "value": 0.05000000000000001,
            "min": 0.04000000000000001,
            "max": 0.05000000000000001,
            "count": 25
        }
    },
    "metadata": {
        "timer_format_version": "0.1.0",
        "start_time_seconds": "1680583449",
        "python_version": "3.9.13 (main, Oct 13 2022, 16:12:30) \n[Clang 12.0.0 ]",
        "command_line_arguments": "/Users/admin/opt/anaconda3/envs/my_rl_env/bin/mlagents-learn /Users/admin/Desktop/GameProjects/TestMLAgents/config/groupjumper_skill3_v1.yaml --env=/Users/admin/Desktop/GroupAgent_Skill3_v1.app --run-id=GroupJumper_Skill3_v1 --no-graphic --resume",
        "mlagents_version": "0.30.0",
        "mlagents_envs_version": "0.30.0",
        "communication_protocol_version": "1.5.0",
        "pytorch_version": "1.11.0",
        "numpy_version": "1.21.2",
        "end_time_seconds": "1680587875"
    },
    "total": 4425.035390563,
    "count": 1,
    "self": 10.004323605999161,
    "children": {
        "run_training.setup": {
            "total": 0.034921522000000316,
            "count": 1,
            "self": 0.034921522000000316
        },
        "TrainerController.start_learning": {
            "total": 4414.9961454350005,
            "count": 1,
            "self": 0.8638912380083639,
            "children": {
                "TrainerController._reset_env": {
                    "total": 4.131609553,
                    "count": 1,
                    "self": 4.131609553
                },
                "TrainerController.advance": {
                    "total": 4409.805065072992,
                    "count": 36352,
                    "self": 0.7323998499259687,
                    "children": {
                        "env_step": {
                            "total": 1424.7284260690017,
                            "count": 36352,
                            "self": 1360.328549767072,
                            "children": {
                                "SubprocessEnvManager._take_step": {
                                    "total": 63.768375552008635,
                                    "count": 36352,
                                    "self": 2.279667957997006,