{"count":1,"self":3.7141631999999998,"total":3.8266109999999998,"children":{"InitializeActuators":{"count":2,"self":0.0017809999999999998,"total":0.0017809999999999998,"children":null},"InitializeSensors":{"count":2,"self":0.0040809999999999996,"total":0.0040809999999999996,"children":null},"GridSensor.Update":{"count":1,"self":0.002022,"total":0.002022,"children":null},"AgentSendState":{"count":186,"self":0.00083599999999999994,"total":0.00083599999999999994,"children":null},"DecideAction":{"count":186,"self":0.10284399999999999,"total":0.10284399999999999,"children":null},"AgentAct":{"count":186,"self":0.00025499999999999996,"total":0.00025499999999999996,"children":null}},"gauges":{},"metadata":{"timer_format_version":"0.1.0","start_time_seconds":"1686944788","unity_version":"2022.2.13f1","command_line_arguments":"\/Users\/admin\/Desktop\/Game Unity\/UnityEditor\/2022.2.13f1\/Unity.app\/Contents\/MacOS\/Unity -projectpath \/Users\/admin\/Desktop\/GameProjects\/TestMLAgents -useHub -hubIPC -cloudEnvironment production","communication_protocol_version":"1.5.0","com.unity.ml-agents_version":"2.3.0-exp.3","scene_name":"BattleMode_v1","end_time_seconds":"1686944792"}}