{"count":1,"self":23.6165696,"total":25.329289,"children":{"InitializeActuators":{"count":24,"self":0.0025269999999999997,"total":0.0025269999999999997,"children":null},"InitializeSensors":{"count":24,"self":0.003678,"total":0.003678,"children":null},"AgentSendState":{"count":1230,"self":0.481967,"total":0.61101299999999992,"children":{"CollectObservations":{"count":5904,"self":0.004841,"total":0.004841,"children":null},"WriteActionMask":{"count":5904,"self":0.005521,"total":0.005521,"children":null},"RequestDecision":{"count":5904,"self":0.118684,"total":0.118684,"children":null}}},"DecideAction":{"count":1230,"self":0.93985299999999994,"total":0.97997899999999993,"children":{"RayPerceptionSensor.Perceive":{"count":9840,"self":0.040125999999999995,"total":0.040125999999999995,"children":null}}},"AgentAct":{"count":1230,"self":0.11387499999999999,"total":0.11387499999999999,"children":null}},"gauges":{"Goalie.CumulativeReward":{"count":23,"max":0.179201886,"min":0.007400001,"runningAverage":0.0494784638,"value":0.036999952,"weightedAverage":0.067265816},"Striker.CumulativeReward":{"count":46,"max":-0.007400001,"min":-0.179201886,"runningAverage":-0.0494784676,"value":-0.036999952,"weightedAverage":-0.0726088956}},"metadata":{"timer_format_version":"0.1.0","start_time_seconds":"1680156468","unity_version":"2021.3.16f1","command_line_arguments":"\/Users\/admin\/Desktop\/Game Unity\/UnityEditor\/2021.3.16f1\/Unity.app\/Contents\/MacOS\/Unity -projectpath \/Users\/admin\/Desktop\/GameProjects\/TestMLAgents -useHub -hubIPC -cloudEnvironment production","communication_protocol_version":"1.5.0","com.unity.ml-agents_version":"2.3.0-exp.3","scene_name":"StrikersVsGoalie","end_time_seconds":"1680156493"}}