{
    "name": "root",
    "gauges": {
        "GroupJumper.Policy.Entropy.mean": {
            "value": 0.37641850113868713,
            "min": 0.3337555527687073,
            "max": 0.38428977131843567,
            "count": 10
        },
        "GroupJumper.Policy.Entropy.sum": {
            "value": 18293.939453125,
            "min": 16821.279296875,
            "max": 19368.205078125,
            "count": 10
        },
        "GroupJumper.Environment.EpisodeLength.mean": {
            "value": 49.0,
            "min": 48.97530864197531,
            "max": 49.0,
            "count": 10
        },
        "GroupJumper.Environment.EpisodeLength.sum": {
            "value": 47628.0,
            "min": 47604.0,
            "max": 49392.0,
            "count": 10
        },
        "GroupJumper.Step.mean": {
            "value": 499952.0,
            "min": 49950.0,
            "max": 499952.0,
            "count": 10
        },
        "GroupJumper.Step.sum": {
            "value": 499952.0,
            "min": 49950.0,
            "max": 499952.0,
            "count": 10
        },
        "GroupJumper.Policy.ExtrinsicBaselineEstimate.mean": {
            "value": 71.1246566772461,
            "min": 64.27040100097656,
            "max": 71.1246566772461,
            "count": 10
        },
        "GroupJumper.Policy.ExtrinsicBaselineEstimate.sum": {
            "value": 71124.65625,
            "min": 64270.3984375,
            "max": 71124.65625,
            "count": 10
        },
        "GroupJumper.Policy.ExtrinsicValueEstimate.mean": {
            "value": 72.33255004882812,
            "min": 63.94027328491211,
            "max": 72.33255004882812,
            "count": 10
        },
        "GroupJumper.Policy.ExtrinsicValueEstimate.sum": {
            "value": 72332.546875,
            "min": 63940.2734375,
            "max": 72332.546875,
            "count": 10
        },
        "GroupJumper.Environment.CumulativeReward.mean": {
            "value": 0.0,
            "min": 0.0,
            "max": 0.0,
            "count": 10
        },
        "GroupJumper.Environment.CumulativeReward.sum": {
            "value": 0.0,
            "min": 0.0,
            "max": 0.0,
            "count": 10
        },
        "GroupJumper.Policy.ExtrinsicReward.mean": {
            "value": 43.34130046477914,
            "min": 40.993300241976975,
            "max": 46.25340049389005,
            "count": 10
        },
        "GroupJumper.Policy.ExtrinsicReward.sum": {
            "value": 43341.30046477914,
            "min": 40993.30024197698,
            "max": 46253.40049389005,
            "count": 10
        },
        "GroupJumper.Environment.GroupCumulativeReward.mean": {
            "value": 43.34130046477914,
            "min": 40.993300241976975,
            "max": 46.25340049389005,
            "count": 10
        },
        "GroupJumper.Environment.GroupCumulativeReward.sum": {
            "value": 43341.30046477914,
            "min": 40993.30024197698,
            "max": 46253.40049389005,
            "count": 10
        },
        "GroupJumper.Losses.PolicyLoss.mean": {
            "value": 0.023068295846072333,
            "min": 0.02163453075103462,
            "max": 0.02709456958109513,
            "count": 10
        },
        "GroupJumper.Losses.PolicyLoss.sum": {
            "value": 0.11534147923036167,
            "min": 0.08738537252259751,
            "max": 0.1336480035291364,
            "count": 10
        },
        "GroupJumper.Losses.ValueLoss.mean": {
            "value": 73.81913419087728,
            "min": 73.81913419087728,
            "max": 109.194553120931,
            "count": 10
        },
        "GroupJumper.Losses.ValueLoss.sum": {
            "value": 369.0956709543864,
            "min": 341.2768212636312,
            "max": 545.972765604655,
            "count": 10
        },
        "GroupJumper.Losses.BaselineLoss.mean": {
            "value": 103.01920303344725,
            "min": 103.01920303344725,
            "max": 158.69287420908609,
            "count": 10
        },
        "GroupJumper.Losses.BaselineLoss.sum": {
            "value": 515.0960151672363,
            "min": 515.0960151672363,
            "max": 792.5650800069174,
            "count": 10
        },
        "GroupJumper.Policy.LearningRate.mean": {
            "value": 0.0003,
            "min": 0.0003,
            "max": 0.0003,
            "count": 10
        },
        "GroupJumper.Policy.LearningRate.sum": {
            "value": 0.0014999999999999998,
            "min": 0.0012,
            "max": 0.0014999999999999998,
            "count": 10
        },
        "GroupJumper.Policy.Epsilon.mean": {
            "value": 0.1049696,
            "min": 0.1049696,
            "max": 0.19460000000000008,
            "count": 10
        },
        "GroupJumper.Policy.Epsilon.sum": {
            "value": 0.524848,
            "min": 0.45875840000000007,
            "max": 0.9243999999999998,
            "count": 10
        },
        "GroupJumper.Policy.Beta.mean": {
            "value": 0.010000000000000002,
            "min": 0.010000000000000002,
            "max": 0.010000000000000002,
            "count": 10
        },
        "GroupJumper.Policy.Beta.sum": {
            "value": 0.05000000000000001,
            "min": 0.04000000000000001,
            "max": 0.05000000000000001,
            "count": 10
        },
        "GroupJumper.IsTraining.mean": {
            "value": 1.0,
            "min": 1.0,
            "max": 1.0,
            "count": 10
        },
        "GroupJumper.IsTraining.sum": {
            "value": 1.0,
            "min": 1.0,
            "max": 1.0,
            "count": 10
        }
    },
    "metadata": {
        "timer_format_version": "0.1.0",
        "start_time_seconds": "1679562962",
        "python_version": "3.9.13 (main, Oct 13 2022, 16:12:30) \n[Clang 12.0.0 ]",
        "command_line_arguments": "/Users/admin/opt/anaconda3/envs/my_rl_env/bin/mlagents-learn /Users/admin/Desktop/GameProjects/TestMLAgents/config/groupjumper_v2.yaml --run-id=GroupJumper_v3 --initialize-from=/Users/admin/Desktop/GameProjects/TestMLAgents/results/GroupJumper_v3 --force",
        "mlagents_version": "0.30.0",
        "mlagents_envs_version": "0.30.0",
        "communication_protocol_version": "1.5.0",
        "pytorch_version": "1.11.0",
        "numpy_version": "1.21.2",
        "end_time_seconds": "1679564652"
    },
    "total": 1690.4037200260002,
    "count": 1,
    "self": 0.008588869000277555,
    "children": {
        "run_training.setup": {
            "total": 0.02614651400000012,
            "count": 1,
            "self": 0.02614651400000012
        },
        "TrainerController.start_learning": {
            "total": 1690.368984643,
            "count": 1,
            "self": 0.5180870599920127,
            "children": {
                "TrainerController._reset_env": {
                    "total": 6.082793162999987,
                    "count": 3,
                    "self": 6.082793162999987
                },
                "TrainerController.advance": {
                    "total": 1683.6505297090082,
                    "count": 27799,
                    "self": 0.527185708020852,
                    "children": {
                        "env_step": {
                            "total": 768.4509434039805,
                            "count": 27799,
                            "self": 732.094403347966,
                            "children": {
                                "SubprocessEnvManager._take_step": {
                                    "total": 35.873749311013626,
                                    "count": 27799,
                                    "self": 1.4712535100178172,
                                    "children": {
                                        "TorchPolicy.evaluate": {
                                            "total": 34.40249580099581,