{
    "name": "root",
    "gauges": {
        "GroupJumper.Policy.Entropy.mean": {
            "value": 1.82199227809906,
            "min": 1.515601396560669,
            "max": 1.8268616199493408,
            "count": 11
        },
        "GroupJumper.Policy.Entropy.sum": {
            "value": 90893.7265625,
            "min": 569.9808349609375,
            "max": 90893.7265625,
            "count": 11
        },
        "GroupJumper.Environment.EpisodeLength.mean": {
            "value": 11.143272727272727,
            "min": 3.0,
            "max": 14.948374760994264,
            "count": 11
        },
        "GroupJumper.Environment.EpisodeLength.sum": {
            "value": 45966.0,
            "min": 27.0,
            "max": 46908.0,
            "count": 11
        },
        "GroupJumper.Step.mean": {
            "value": 2999990.0,
            "min": 2499996.0,
            "max": 2999990.0,
            "count": 11
        },
        "GroupJumper.Step.sum": {
            "value": 2999990.0,
            "min": 2499996.0,
            "max": 2999990.0,
            "count": 11
        },
        "GroupJumper.Policy.ExtrinsicBaselineEstimate.mean": {
            "value": 21.830928802490234,
            "min": 12.769145011901855,
            "max": 28.74199676513672,
            "count": 11
        },
        "GroupJumper.Policy.ExtrinsicBaselineEstimate.sum": {
            "value": 89987.0859375,
            "min": 120.48944854736328,
            "max": 150090.703125,
            "count": 11
        },
        "GroupJumper.Policy.ExtrinsicValueEstimate.mean": {
            "value": 21.750612258911133,
            "min": 12.61385726928711,
            "max": 28.511394500732422,
            "count": 11
        },
        "GroupJumper.Policy.ExtrinsicValueEstimate.sum": {
            "value": 89656.0234375,
            "min": 117.03340911865234,
            "max": 148886.5,
            "count": 11
        },
        "GroupJumper.Environment.CumulativeReward.mean": {
            "value": 0.0,
            "min": 0.0,
            "max": 0.0,
            "count": 11
        },
        "GroupJumper.Environment.CumulativeReward.sum": {
            "value": 0.0,
            "min": 0.0,
            "max": 0.0,
            "count": 11
        },
        "GroupJumper.Policy.ExtrinsicReward.mean": {
            "value": 1.5426462928772204,
            "min": 1.1491381464608352,
            "max": 2.570250019431114,
            "count": 11
        },
        "GroupJumper.Policy.ExtrinsicReward.sum": {
            "value": 6358.7880192399025,
            "min": 20.562000155448914,
            "max": 8376.85202780366,
            "count": 11
        },
        "GroupJumper.Environment.GroupCumulativeReward.mean": {
            "value": 1.5426462928772204,
            "min": 1.1491381464608352,
            "max": 2.570250019431114,
            "count": 11
        },
        "GroupJumper.Environment.GroupCumulativeReward.sum": {
            "value": 6358.7880192399025,
            "min": 20.562000155448914,
            "max": 8376.85202780366,
            "count": 11
        },
        "GroupJumper.IsTraining.mean": {
            "value": 1.0,
            "min": 1.0,
            "max": 1.0,
            "count": 11
        },
        "GroupJumper.IsTraining.sum": {
            "value": 1.0,
            "min": 1.0,
            "max": 1.0,
            "count": 11
        },
        "GroupJumper.Losses.PolicyLoss.mean": {
            "value": 0.18382181278090878,
            "min": 0.18033103940653541,
            "max": 0.18887321314057692,
            "count": 10
        },
        "GroupJumper.Losses.PolicyLoss.sum": {
            "value": 80.33013218525714,
            "min": 76.65639839028097,
            "max": 90.43032094490117,
            "count": 10
        },
        "GroupJumper.Losses.ValueLoss.mean": {
            "value": 2.2610736558965594,
            "min": 1.2151357895311352,
            "max": 2.8902579100315107,
            "count": 10
        },
        "GroupJumper.Losses.ValueLoss.sum": {
            "value": 988.0891876267965,
            "min": 501.8510810763588,
            "max": 1433.5679233756293,
            "count": 10
        },
        "GroupJumper.Losses.BaselineLoss.mean": {
            "value": 4.5351992262479355,
            "min": 2.167534281742874,
            "max": 5.508785177359931,
            "count": 10
        },
        "GroupJumper.Losses.BaselineLoss.sum": {
            "value": 1981.8820618703478,
            "min": 895.1916583598071,
            "max": 2732.3574479705258,
            "count": 10
        },
        "GroupJumper.Policy.LearningRate.mean": {
            "value": 0.0003,
            "min": 0.0003,
            "max": 0.0003,
            "count": 10
        },
        "GroupJumper.Policy.LearningRate.sum": {
            "value": 0.1311,
            "min": 0.12389999999999998,
            "max": 0.1488,
            "count": 10
        },
        "GroupJumper.Policy.Epsilon.mean": {
            "value": 0.10082965575896262,
            "min": 0.10082965575896262,
            "max": 0.11581773381759485,
            "count": 10
        },
        "GroupJumper.Policy.Epsilon.sum": {
            "value": 44.062559566666664,
            "min": 44.062559566666664,
            "max": 53.206701966666664,
            "count": 10
        },
        "GroupJumper.Policy.Beta.mean": {
            "value": 0.01,
            "min": 0.01,
            "max": 0.010000000000000002,
            "count": 10
        },
        "GroupJumper.Policy.Beta.sum": {
            "value": 4.37,
            "min": 4.13,
            "max": 4.960000000000001,
            "count": 10
        }
    },
    "metadata": {
        "timer_format_version": "0.1.0",
        "start_time_seconds": "1680412091",
        "python_version": "3.9.13 (main, Oct 13 2022, 16:12:30) \n[Clang 12.0.0 ]",
        "command_line_arguments": "/Users/admin/opt/anaconda3/envs/my_rl_env/bin/mlagents-learn /Users/admin/Desktop/GameProjects/TestMLAgents/config/groupjumper_skill1_v5.yaml --env=/Users/admin/Desktop/GroupAgent_skill1_v6.app --run-id=GroupJumper_Skill1_v5 --no-graphic --resume",
        "mlagents_version": "0.30.0",
        "mlagents_envs_version": "0.30.0",
        "communication_protocol_version": "1.5.0",
        "pytorch_version": "1.11.0",
        "numpy_version": "1.21.2",
        "end_time_seconds": "1680415480"
    },
    "total": 3388.9795482510003,
    "count": 1,
    "self": 0.4210141600001407,
    "children": {
        "run_training.setup": {
            "total": 0.021601702999999972,
            "count": 1,
            "self": 0.021601702999999972
        },
        "TrainerController.start_learning": {
            "total": 3388.536932388,
            "count": 1,
            "self": 0.3445513670089895,
            "children": {
                "TrainerController._reset_env": {
                    "total": 1.784759792,
                    "count": 1,
                    "self": 1.784759792
                },
                "TrainerController.advance": {
                    "total": 3386.2874446609912,
                    "count": 14511,
                    "self": 0.2776781999928062,
                    "children": {
                        "env_step": {
                            "total": 521.3891963289846,
                            "count": 14511,
                            "self": 498.3127375999862,
                            "children": {
                                "SubprocessEnvManager._take_step": {
                                    "total": 22.847920853997753,
                                    "count": 14511,
                                    "self": 0.873675631989606,
                                    "children": {
                                        "TorchPolicy.evaluate": {
                                            "total": 21.974245222008147,
                                            "count": 14511,