{
    "name": "root",
    "gauges": {
        "GroupJumper.Policy.Entropy.mean": {
            "value": 0.02572036348283291,
            "min": 0.020767059177160263,
            "max": 0.14656652510166168,
            "count": 20
        },
        "GroupJumper.Policy.Entropy.sum": {
            "value": 2551.665771484375,
            "min": 2072.781005859375,
            "max": 14716.4521484375,
            "count": 20
        },
        "GroupJumper.Environment.EpisodeLength.mean": {
            "value": 23.903482587064676,
            "min": 23.746775793650794,
            "max": 23.903482587064676,
            "count": 20
        },
        "GroupJumper.Environment.EpisodeLength.sum": {
            "value": 96092.0,
            "min": 94369.0,
            "max": 96610.0,
            "count": 20
        },
        "GroupJumper.Step.mean": {
            "value": 999998.0,
            "min": 49975.0,
            "max": 999998.0,
            "count": 20
        },
        "GroupJumper.Step.sum": {
            "value": 999998.0,
            "min": 49975.0,
            "max": 999998.0,
            "count": 20
        },
        "GroupJumper.Policy.ExtrinsicBaselineEstimate.mean": {
            "value": 58.285953521728516,
            "min": 47.89375686645508,
            "max": 58.285953521728516,
            "count": 20
        },
        "GroupJumper.Policy.ExtrinsicBaselineEstimate.sum": {
            "value": 116571.90625,
            "min": 95739.6171875,
            "max": 116639.609375,
            "count": 20
        },
        "GroupJumper.Policy.ExtrinsicValueEstimate.mean": {
            "value": 58.30812454223633,
            "min": 48.37739181518555,
            "max": 59.0383186340332,
            "count": 20
        },
        "GroupJumper.Policy.ExtrinsicValueEstimate.sum": {
            "value": 116616.25,
            "min": 96706.40625,
            "max": 119021.25,
            "count": 20
        },
        "GroupJumper.Environment.CumulativeReward.mean": {
            "value": 0.0,
            "min": 0.0,
            "max": 0.0,
            "count": 20
        },
        "GroupJumper.Environment.CumulativeReward.sum": {
            "value": 0.0,
            "min": 0.0,
            "max": 0.0,
            "count": 20
        },
        "GroupJumper.Policy.ExtrinsicReward.mean": {
            "value": 23.944401675343514,
            "min": 16.523962052003213,
            "max": 29.491269199281103,
            "count": 20
        },
        "GroupJumper.Policy.ExtrinsicReward.sum": {
            "value": 47888.80335068703,
            "min": 33031.40014195442,
            "max": 59454.398705750704,
            "count": 20
        },
        "GroupJumper.Environment.GroupCumulativeReward.mean": {
            "value": 23.944401675343514,
            "min": 16.523962052003213,
            "max": 29.491269199281103,
            "count": 20
        },
        "GroupJumper.Environment.GroupCumulativeReward.sum": {
            "value": 47888.80335068703,
            "min": 33031.40014195442,
            "max": 59454.398705750704,
            "count": 20
        },
        "GroupJumper.Losses.PolicyLoss.mean": {
            "value": 0.017900177251754534,
            "min": 0.01395758405754653,
            "max": 0.019319941891202085,
            "count": 20
        },
        "GroupJumper.Losses.PolicyLoss.sum": {
            "value": 0.053700531755263604,
            "min": 0.02791516811509306,
            "max": 0.055241281329654154,
            "count": 20
        },
        "GroupJumper.Losses.ValueLoss.mean": {
            "value": 14.393437205420598,
            "min": 13.29447995821635,
            "max": 19.535282150904337,
            "count": 20
        },
        "GroupJumper.Losses.ValueLoss.sum": {
            "value": 43.1803116162618,
            "min": 26.5889599164327,
            "max": 52.66708615620931,
            "count": 20
        },
        "GroupJumper.Losses.BaselineLoss.mean": {
            "value": 16.980712710486518,
            "min": 16.581748453776044,
            "max": 38.25789578755696,
            "count": 20
        },
        "GroupJumper.Losses.BaselineLoss.sum": {
            "value": 50.94213813145956,
            "min": 33.16349690755209,
            "max": 101.94527594248454,
            "count": 20
        },
        "GroupJumper.Policy.LearningRate.mean": {
            "value": 0.0003,
            "min": 0.0003,
            "max": 0.0003,
            "count": 20
        },
        "GroupJumper.Policy.LearningRate.sum": {
            "value": 0.0009,
            "min": 0.0006,
            "max": 0.0009,
            "count": 20
        },
        "GroupJumper.Policy.Epsilon.mean": {
            "value": 0.10241520000000003,
            "min": 0.10241520000000003,
            "max": 0.19690999999999997,
            "count": 20
        },
        "GroupJumper.Policy.Epsilon.sum": {
            "value": 0.30724560000000006,
            "min": 0.21516540000000003,
            "max": 0.5627999999999999,
            "count": 20
        },
        "GroupJumper.Policy.Beta.mean": {
            "value": 0.010000000000000002,
            "min": 0.010000000000000002,
            "max": 0.010000000000000002,
            "count": 20
        },
        "GroupJumper.Policy.Beta.sum": {
            "value": 0.030000000000000006,
            "min": 0.020000000000000004,
            "max": 0.030000000000000006,
            "count": 20
        },
        "GroupJumper.IsTraining.mean": {
            "value": 1.0,
            "min": 1.0,
            "max": 1.0,
            "count": 20
        },
        "GroupJumper.IsTraining.sum": {
            "value": 1.0,
            "min": 1.0,
            "max": 1.0,
            "count": 20
        }
    },
    "metadata": {
        "timer_format_version": "0.1.0",
        "start_time_seconds": "1679642267",
        "python_version": "3.9.13 (main, Oct 13 2022, 16:12:30) \n[Clang 12.0.0 ]",
        "command_line_arguments": "/Users/admin/opt/anaconda3/envs/my_rl_env/bin/mlagents-learn /Users/admin/Desktop/GameProjects/TestMLAgents/config/groupjumper_v3.yaml --env=/Users/admin/Desktop/GroupAgent_2Group.app --run-id=GroupJumper_v5 --initialize-from=/Users/admin/Desktop/GameProjects/TestMLAgents/results/GroupJumper_v5 --force --no-graphic",
        "mlagents_version": "0.30.0",
        "mlagents_envs_version": "0.30.0",
        "communication_protocol_version": "1.5.0",
        "pytorch_version": "1.11.0",
        "numpy_version": "1.21.2",
        "end_time_seconds": "1679652014"
    },
    "total": 9747.065827298,
    "count": 1,
    "self": 0.5592355019998649,
    "children": {
        "run_training.setup": {
            "total": 0.01650926900000005,
            "count": 1,
            "self": 0.01650926900000005
        },
        "TrainerController.start_learning": {
            "total": 9746.490082527,
            "count": 1,
            "self": 1.5134626000453864,
            "children": {
                "TrainerController._reset_env": {
                    "total": 1.6856684990009294,
                    "count": 5,
                    "self": 1.6856684990009294
                },
                "TrainerController.advance": {
                    "total": 9743.161384489951,
                    "count": 83697,
                    "self": 1.5707363078581693,
                    "children": {
                        "env_step": {
                            "total": 2762.143926395125,
                            "count": 83697,
                            "self": 2570.383275199168,
                            "children": {
                                "SubprocessEnvManager._take_step": {
                                    "total": 190.15838310605582,
                                    "count": 83697,
                                    "self": 6.794094068203151,