{
    "name": "root",
    "gauges": {
        "GroupJumper.Policy.Entropy.mean": {
            "value": 0.28767096996307373,
            "min": 0.2781886160373688,
            "max": 0.3124031126499176,
            "count": 10
        },
        "GroupJumper.Policy.Entropy.sum": {
            "value": 28293.015625,
            "min": 27360.408203125,
            "max": 31282.171875,
            "count": 10
        },
        "GroupJumper.Environment.EpisodeLength.mean": {
            "value": 23.83183183183183,
            "min": 23.83183183183183,
            "max": 23.834834834834833,
            "count": 10
        },
        "GroupJumper.Environment.EpisodeLength.sum": {
            "value": 95232.0,
            "min": 95232.0,
            "max": 96954.0,
            "count": 10
        },
        "GroupJumper.Step.mean": {
            "value": 499994.0,
            "min": 49975.0,
            "max": 499994.0,
            "count": 10
        },
        "GroupJumper.Step.sum": {
            "value": 499994.0,
            "min": 49975.0,
            "max": 499994.0,
            "count": 10
        },
        "GroupJumper.Policy.ExtrinsicBaselineEstimate.mean": {
            "value": 49.23992919921875,
            "min": 39.57828140258789,
            "max": 49.23992919921875,
            "count": 10
        },
        "GroupJumper.Policy.ExtrinsicBaselineEstimate.sum": {
            "value": 98479.859375,
            "min": 79116.984375,
            "max": 98479.859375,
            "count": 10
        },
        "GroupJumper.Policy.ExtrinsicValueEstimate.mean": {
            "value": 50.69498062133789,
            "min": 42.81733703613281,
            "max": 50.69498062133789,
            "count": 10
        },
        "GroupJumper.Policy.ExtrinsicValueEstimate.sum": {
            "value": 101389.9609375,
            "min": 85591.859375,
            "max": 101389.9609375,
            "count": 10
        },
        "GroupJumper.Environment.CumulativeReward.mean": {
            "value": 0.0,
            "min": 0.0,
            "max": 0.0,
            "count": 10
        },
        "GroupJumper.Environment.CumulativeReward.sum": {
            "value": 0.0,
            "min": 0.0,
            "max": 0.0,
            "count": 10
        },
        "GroupJumper.Policy.ExtrinsicReward.mean": {
            "value": 15.009899656496943,
            "min": 8.885347489864884,
            "max": 16.184249770127238,
            "count": 10
        },
        "GroupJumper.Policy.ExtrinsicReward.sum": {
            "value": 30019.799312993884,
            "min": 18010.59936195612,
            "max": 32368.499540254474,
            "count": 10
        },
        "GroupJumper.Environment.GroupCumulativeReward.mean": {
            "value": 15.009899656496943,
            "min": 8.885347489864884,
            "max": 16.184249770127238,
            "count": 10
        },
        "GroupJumper.Environment.GroupCumulativeReward.sum": {
            "value": 30019.799312993884,
            "min": 18010.59936195612,
            "max": 32368.499540254474,
            "count": 10
        },
        "GroupJumper.Losses.PolicyLoss.mean": {
            "value": 0.02143393194690968,
            "min": 0.02143393194690968,
            "max": 0.02659602749336045,
            "count": 10
        },
        "GroupJumper.Losses.PolicyLoss.sum": {
            "value": 0.1071696597345484,
            "min": 0.09110955064340184,
            "max": 0.1296964025008492,
            "count": 10
        },
        "GroupJumper.Losses.ValueLoss.mean": {
            "value": 11.797345829010009,
            "min": 10.004692220687867,
            "max": 12.054101713498433,
            "count": 10
        },
        "GroupJumper.Losses.ValueLoss.sum": {
            "value": 58.98672914505005,
            "min": 40.018768882751466,
            "max": 58.98672914505005,
            "count": 10
        },
        "GroupJumper.Losses.BaselineLoss.mean": {
            "value": 15.045779450734457,
            "min": 10.524008639653523,
            "max": 30.022257067362467,
            "count": 10
        },
        "GroupJumper.Losses.BaselineLoss.sum": {
            "value": 75.22889725367229,
            "min": 42.09603455861409,
            "max": 150.11128533681233,
            "count": 10
        },
        "GroupJumper.Policy.LearningRate.mean": {
            "value": 0.0003,
            "min": 0.0003,
            "max": 0.0003,
            "count": 10
        },
        "GroupJumper.Policy.LearningRate.sum": {
            "value": 0.0014999999999999998,
            "min": 0.0012,
            "max": 0.0014999999999999998,
            "count": 10
        },
        "GroupJumper.Policy.Epsilon.mean": {
            "value": 0.1057712,
            "min": 0.1057712,
            "max": 0.194825,
            "count": 10
        },
        "GroupJumper.Policy.Epsilon.sum": {
            "value": 0.528856,
            "min": 0.46034479999999994,
            "max": 0.9275500000000001,
            "count": 10
        },
        "GroupJumper.Policy.Beta.mean": {
            "value": 0.010000000000000002,
            "min": 0.010000000000000002,
            "max": 0.010000000000000002,
            "count": 10
        },
        "GroupJumper.Policy.Beta.sum": {
            "value": 0.05000000000000001,
            "min": 0.04000000000000001,
            "max": 0.05000000000000001,
            "count": 10
        },
        "GroupJumper.IsTraining.mean": {
            "value": 1.0,
            "min": 1.0,
            "max": 1.0,
            "count": 10
        },
        "GroupJumper.IsTraining.sum": {
            "value": 1.0,
            "min": 1.0,
            "max": 1.0,
            "count": 10
        }
    },
    "metadata": {
        "timer_format_version": "0.1.0",
        "start_time_seconds": "1679574819",
        "python_version": "3.9.13 (main, Oct 13 2022, 16:12:30) \n[Clang 12.0.0 ]",
        "command_line_arguments": "/Users/admin/opt/anaconda3/envs/my_rl_env/bin/mlagents-learn /Users/admin/Desktop/GameProjects/TestMLAgents/config/groupjumper_v2.yaml --run-id=GroupJumper_v4 --initialize-from=/Users/admin/Desktop/GameProjects/TestMLAgents/results/GroupJumper_v4 --force",
        "mlagents_version": "0.30.0",
        "mlagents_envs_version": "0.30.0",
        "communication_protocol_version": "1.5.0",
        "pytorch_version": "1.11.0",
        "numpy_version": "1.21.2",
        "end_time_seconds": "1679577383"
    },
    "total": 2563.7528979649996,
    "count": 1,
    "self": 0.011653547999685543,
    "children": {
        "run_training.setup": {
            "total": 0.025872695999999973,
            "count": 1,
            "self": 0.025872695999999973
        },
        "TrainerController.start_learning": {
            "total": 2563.715371721,
            "count": 1,
            "self": 0.7900899949790983,
            "children": {
                "TrainerController._reset_env": {
                    "total": 7.470857989000336,
                    "count": 3,
                    "self": 7.470857989000336
                },
                "TrainerController.advance": {
                    "total": 2555.3502826920203,
                    "count": 41999,
                    "self": 0.8377967040391923,
                    "children": {
                        "env_step": {
                            "total": 1554.3689789479824,
                            "count": 41999,
                            "self": 1460.7307308330112,
                            "children": {
                                "SubprocessEnvManager._take_step": {
                                    "total": 92.90060266698396,
                                    "count": 41999,
                                    "self": 3.9260373100013624,
                                    "children": {
                                        "TorchPolicy.evaluate": {
                                            "total": 88.9745653569826,