{
    "name": "root",
    "gauges": {
        "GroupJumper.Policy.Entropy.mean": {
            "value": 1.1416326761245728,
            "min": 0.9242289662361145,
            "max": 1.5223883390426636,
            "count": 20
        },
        "GroupJumper.Policy.Entropy.sum": {
            "value": 56962.90625,
            "min": 46115.328125,
            "max": 75961.0859375,
            "count": 20
        },
        "GroupJumper.Environment.EpisodeLength.mean": {
            "value": 48.5,
            "min": 48.5,
            "max": 48.5,
            "count": 20
        },
        "GroupJumper.Environment.EpisodeLength.sum": {
            "value": 48888.0,
            "min": 48888.0,
            "max": 50052.0,
            "count": 20
        },
        "GroupJumper.Step.mean": {
            "value": 999999.0,
            "min": 49995.0,
            "max": 999999.0,
            "count": 20
        },
        "GroupJumper.Step.sum": {
            "value": 999999.0,
            "min": 49995.0,
            "max": 999999.0,
            "count": 20
        },
        "GroupJumper.Policy.ExtrinsicBaselineEstimate.mean": {
            "value": 38.11338424682617,
            "min": 23.875635147094727,
            "max": 47.39617919921875,
            "count": 20
        },
        "GroupJumper.Policy.ExtrinsicBaselineEstimate.sum": {
            "value": 38532.6328125,
            "min": 24114.390625,
            "max": 47870.140625,
            "count": 20
        },
        "GroupJumper.Policy.ExtrinsicValueEstimate.mean": {
            "value": 38.167633056640625,
            "min": 23.921415328979492,
            "max": 47.38762283325195,
            "count": 20
        },
        "GroupJumper.Policy.ExtrinsicValueEstimate.sum": {
            "value": 38587.4765625,
            "min": 24160.62890625,
            "max": 47861.5,
            "count": 20
        },
        "GroupJumper.Environment.CumulativeReward.mean": {
            "value": 0.0,
            "min": 0.0,
            "max": 0.0,
            "count": 20
        },
        "GroupJumper.Environment.CumulativeReward.sum": {
            "value": 0.0,
            "min": 0.0,
            "max": 0.0,
            "count": 20
        },
        "GroupJumper.Policy.ExtrinsicReward.mean": {
            "value": 18.705851414731892,
            "min": 10.810990550907531,
            "max": 23.346634657666236,
            "count": 20
        },
        "GroupJumper.Policy.ExtrinsicReward.sum": {
            "value": 18911.61578029394,
            "min": 10919.100456416607,
            "max": 23580.101004242897,
            "count": 20
        },
        "GroupJumper.Environment.GroupCumulativeReward.mean": {
            "value": 18.705851414731892,
            "min": 10.810990550907531,
            "max": 23.346634657666236,
            "count": 20
        },
        "GroupJumper.Environment.GroupCumulativeReward.sum": {
            "value": 18911.61578029394,
            "min": 10919.100456416607,
            "max": 23580.101004242897,
            "count": 20
        },
        "GroupJumper.Losses.PolicyLoss.mean": {
            "value": 0.1972179913037382,
            "min": 0.19415121233229202,
            "max": 0.19918495992289031,
            "count": 20
        },
        "GroupJumper.Losses.PolicyLoss.sum": {
            "value": 8.283155634757005,
            "min": 8.154350917956265,
            "max": 8.520292675729866,
            "count": 20
        },
        "GroupJumper.Losses.ValueLoss.mean": {
            "value": 5.18387011750727,
            "min": 3.6773561375596815,
            "max": 5.18387011750727,
            "count": 20
        },
        "GroupJumper.Losses.ValueLoss.sum": {
            "value": 217.72254493530536,
            "min": 154.44895777750662,
            "max": 217.72254493530536,
            "count": 20
        },
        "GroupJumper.Losses.BaselineLoss.mean": {
            "value": 15.924222227740524,
            "min": 10.935021784033504,
            "max": 16.64792516051521,
            "count": 20
        },
        "GroupJumper.Losses.BaselineLoss.sum": {
            "value": 668.817333565102,
            "min": 459.2709149294071,
            "max": 699.2128567416389,
            "count": 20
        },
        "GroupJumper.Policy.LearningRate.mean": {
            "value": 0.00030000000000000003,
            "min": 0.0003,
            "max": 0.00030000000000000003,
            "count": 20
        },
        "GroupJumper.Policy.LearningRate.sum": {
            "value": 0.0126,
            "min": 0.0126,
            "max": 0.0129,
            "count": 20
        },
        "GroupJumper.Policy.Epsilon.mean": {
            "value": 0.10252460000000002,
            "min": 0.10252460000000002,
            "max": 0.1974458,
            "count": 20
        },
        "GroupJumper.Policy.Epsilon.sum": {
            "value": 4.306033200000001,
            "min": 4.306033200000001,
            "max": 8.2927236,
            "count": 20
        },
        "GroupJumper.Policy.Beta.mean": {
            "value": 0.009999999999999998,
            "min": 0.009999999999999998,
            "max": 0.009999999999999998,
            "count": 20
        },
        "GroupJumper.Policy.Beta.sum": {
            "value": 0.41999999999999993,
            "min": 0.41999999999999993,
            "max": 0.42999999999999994,
            "count": 20
        },
        "GroupJumper.IsTraining.mean": {
            "value": 1.0,
            "min": 1.0,
            "max": 1.0,
            "count": 20
        },
        "GroupJumper.IsTraining.sum": {
            "value": 1.0,
            "min": 1.0,
            "max": 1.0,
            "count": 20
        }
    },
    "metadata": {
        "timer_format_version": "0.1.0",
        "start_time_seconds": "1680267438",
        "python_version": "3.9.13 (main, Oct 13 2022, 16:12:30) \n[Clang 12.0.0 ]",
        "command_line_arguments": "/Users/admin/opt/anaconda3/envs/my_rl_env/bin/mlagents-learn /Users/admin/Desktop/GameProjects/TestMLAgents/config/groupjumper_skill1_v1.yaml --env=/Users/admin/Desktop/GroupAgent_skill1_v2.app --run-id=GroupJumper_Skill1_v3 --no-graphic --initialize-from=/Users/admin/Desktop/GameProjects/TestMLAgents/results/GroupJumper_Skill1_v2 --force",
        "mlagents_version": "0.30.0",
        "mlagents_envs_version": "0.30.0",
        "communication_protocol_version": "1.5.0",
        "pytorch_version": "1.11.0",
        "numpy_version": "1.21.2",
        "end_time_seconds": "1680271935"
    },
    "total": 4497.370441506,
    "count": 1,
    "self": 0.5256567840006028,
    "children": {
        "run_training.setup": {
            "total": 0.023951671000000063,
            "count": 1,
            "self": 0.023951671000000063
        },
        "TrainerController.start_learning": {
            "total": 4496.820833051,
            "count": 1,
            "self": 0.8220942509833549,
            "children": {
                "TrainerController._reset_env": {
                    "total": 1.7093637519999998,
                    "count": 1,
                    "self": 1.7093637519999998
                },
                "TrainerController.advance": {
                    "total": 4494.149779137016,
                    "count": 42100,
                    "self": 0.8277645180269246,
                    "children": {
                        "env_step": {
                            "total": 1268.033893355989,
                            "count": 42100,
                            "self": 1198.433806778975,
                            "children": {
                                "SubprocessEnvManager._take_step": {
                                    "total": 68.83377945998402,
                                    "count": 42100,
                                    "self": 2.511190009966626,