{
    "name": "root",
    "gauges": {
        "GroupJumper.Policy.Entropy.mean": {
            "value": 1.665585994720459,
            "min": 1.559977650642395,
            "max": 1.732010841369629,
            "count": 60
        },
        "GroupJumper.Policy.Entropy.sum": {
            "value": 83945.53125,
            "min": 75826.6328125,
            "max": 87293.34375,
            "count": 60
        },
        "GroupJumper.Environment.EpisodeLength.mean": {
            "value": 49.0,
            "min": 49.0,
            "max": 49.0,
            "count": 60
        },
        "GroupJumper.Environment.EpisodeLength.sum": {
            "value": 49392.0,
            "min": 47628.0,
            "max": 49392.0,
            "count": 60
        },
        "GroupJumper.Step.mean": {
            "value": 2999950.0,
            "min": 49950.0,
            "max": 2999950.0,
            "count": 60
        },
        "GroupJumper.Step.sum": {
            "value": 2999950.0,
            "min": 49950.0,
            "max": 2999950.0,
            "count": 60
        },
        "GroupJumper.Policy.ExtrinsicBaselineEstimate.mean": {
            "value": 31.73185157775879,
            "min": 28.074859619140625,
            "max": 33.85430145263672,
            "count": 60
        },
        "GroupJumper.Policy.ExtrinsicBaselineEstimate.sum": {
            "value": 31731.8515625,
            "min": 28074.859375,
            "max": 33854.30078125,
            "count": 60
        },
        "GroupJumper.Policy.ExtrinsicValueEstimate.mean": {
            "value": 31.624799728393555,
            "min": 28.470970153808594,
            "max": 34.04584503173828,
            "count": 60
        },
        "GroupJumper.Policy.ExtrinsicValueEstimate.sum": {
            "value": 31624.798828125,
            "min": 28470.970703125,
            "max": 34045.84375,
            "count": 60
        },
        "GroupJumper.Environment.CumulativeReward.mean": {
            "value": -0.08506999687850475,
            "min": -0.08828828560078407,
            "max": -0.07079999742656946,
            "count": 60
        },
        "GroupJumper.Environment.CumulativeReward.sum": {
            "value": -85.06999687850475,
            "min": -88.19999731518328,
            "max": -70.79999742656946,
            "count": 60
        },
        "GroupJumper.Policy.ExtrinsicReward.mean": {
            "value": 16.725640431165694,
            "min": 14.243363813266859,
            "max": 17.808800491392613,
            "count": 60
        },
        "GroupJumper.Policy.ExtrinsicReward.sum": {
            "value": 16725.640431165695,
            "min": 14229.120449453592,
            "max": 17808.800491392612,
            "count": 60
        },
        "GroupJumper.Environment.GroupCumulativeReward.mean": {
            "value": 16.98100071686506,
            "min": 14.50822888839024,
            "max": 18.03700071775913,
            "count": 60
        },
        "GroupJumper.Environment.GroupCumulativeReward.sum": {
            "value": 16981.000716865063,
            "min": 14493.72065950185,
            "max": 18037.000717759132,
            "count": 60
        },
        "GroupJumper.Losses.PolicyLoss.mean": {
            "value": 0.017517571500502527,
            "min": 0.01409960783397158,
            "max": 0.021372314480443796,
            "count": 60
        },
        "GroupJumper.Losses.PolicyLoss.sum": {
            "value": 0.035035143001005055,
            "min": 0.02819921566794316,
            "max": 0.05570276842530196,
            "count": 60
        },
        "GroupJumper.Losses.ValueLoss.mean": {
            "value": 6.763202317555745,
            "min": 5.740637405713399,
            "max": 7.468951217333476,
            "count": 60
        },
        "GroupJumper.Losses.ValueLoss.sum": {
            "value": 13.52640463511149,
            "min": 11.481274811426799,
            "max": 21.63781805038452,
            "count": 60
        },
        "GroupJumper.Losses.BaselineLoss.mean": {
            "value": 8.76711057027181,
            "min": 7.263251487414042,
            "max": 10.240733512242635,
            "count": 60
        },
        "GroupJumper.Losses.BaselineLoss.sum": {
            "value": 17.53422114054362,
            "min": 14.526502974828084,
            "max": 28.665464798609413,
            "count": 60
        },
        "GroupJumper.Policy.LearningRate.mean": {
            "value": 0.0003,
            "min": 0.0003,
            "max": 0.0003,
            "count": 60
        },
        "GroupJumper.Policy.LearningRate.sum": {
            "value": 0.0006,
            "min": 0.0006,
            "max": 0.0009,
            "count": 60
        },
        "GroupJumper.Policy.Epsilon.mean": {
            "value": 0.101,
            "min": 0.101,
            "max": 0.19891999999999996,
            "count": 60
        },
        "GroupJumper.Policy.Epsilon.sum": {
            "value": 0.202,
            "min": 0.202,
            "max": 0.5827200000000001,
            "count": 60
        },
        "GroupJumper.Policy.Beta.mean": {
            "value": 0.010000000000000002,
            "min": 0.010000000000000002,
            "max": 0.010000000000000002,
            "count": 60
        },
        "GroupJumper.Policy.Beta.sum": {
            "value": 0.020000000000000004,
            "min": 0.020000000000000004,
            "max": 0.030000000000000006,
            "count": 60
        },
        "GroupJumper.IsTraining.mean": {
            "value": 1.0,
            "min": 1.0,
            "max": 1.0,
            "count": 60
        },
        "GroupJumper.IsTraining.sum": {
            "value": 1.0,
            "min": 1.0,
            "max": 1.0,
            "count": 60
        }
    },
    "metadata": {
        "timer_format_version": "0.1.0",
        "start_time_seconds": "1679982805",
        "python_version": "3.9.13 (main, Oct 13 2022, 16:12:30) \n[Clang 12.0.0 ]",
        "command_line_arguments": "/Users/admin/opt/anaconda3/envs/my_rl_env/bin/mlagents-learn /Users/admin/Desktop/GameProjects/TestMLAgents/config/groupjumper_v10.yaml --env=/Users/admin/Desktop/GroupAgent_v8.app --run-id=GroupJumper_v10 --no-graphic --initialize-from=/Users/admin/Desktop/GameProjects/TestMLAgents/results/GroupJumper_v9",
        "mlagents_version": "0.30.0",
        "mlagents_envs_version": "0.30.0",
        "communication_protocol_version": "1.5.0",
        "pytorch_version": "1.11.0",
        "numpy_version": "1.21.2",
        "end_time_seconds": "1679997525"
    },
    "total": 14719.62377742,
    "count": 1,
    "self": 1.2273007320000033,
    "children": {
        "run_training.setup": {
            "total": 0.018537333000000045,
            "count": 1,
            "self": 0.018537333000000045
        },
        "TrainerController.start_learning": {
            "total": 14718.377939355,
            "count": 1,
            "self": 1.5440924881459068,
            "children": {
                "TrainerController._reset_env": {
                    "total": 1.5950909439999998,
                    "count": 1,
                    "self": 1.5950909439999998
                },
                "TrainerController.advance": {
                    "total": 14715.030198596853,
                    "count": 83351,
                    "self": 1.592657110782966,
                    "children": {
                        "env_step": {
                            "total": 4010.3258197802797,
                            "count": 83351,
                            "self": 3823.8714757591424,
                            "children": {
                                "SubprocessEnvManager._take_step": {
                                    "total": 184.97249925710247,
                                    "count": 83351,
                                    "self": 5.139056738382692,