{
    "name": "root",
    "gauges": {
        "GroupJumper.Policy.Entropy.mean": {
            "value": 1.271773099899292,
            "min": 1.1156502962112427,
            "max": 2.7019457817077637,
            "count": 41
        },
        "GroupJumper.Policy.Entropy.sum": {
            "value": 63620.44921875,
            "min": 55656.4453125,
            "max": 137126.453125,
            "count": 41
        },
        "GroupJumper.Environment.EpisodeLength.mean": {
            "value": 3.8162380814793413,
            "min": 3.4302418283284615,
            "max": 47.202312138728324,
            "count": 41
        },
        "GroupJumper.Environment.EpisodeLength.sum": {
            "value": 39624.0,
            "min": 38724.0,
            "max": 48996.0,
            "count": 41
        },
        "GroupJumper.Step.mean": {
            "value": 2049999.0,
            "min": 49960.0,
            "max": 2049999.0,
            "count": 41
        },
        "GroupJumper.Step.sum": {
            "value": 2049999.0,
            "min": 49960.0,
            "max": 2049999.0,
            "count": 41
        },
        "GroupJumper.Policy.ExtrinsicBaselineEstimate.mean": {
            "value": 23.730281829833984,
            "min": -1.2706071138381958,
            "max": 29.326946258544922,
            "count": 41
        },
        "GroupJumper.Policy.ExtrinsicBaselineEstimate.sum": {
            "value": 246367.78125,
            "min": -1463.4691162109375,
            "max": 321327.0625,
            "count": 41
        },
        "GroupJumper.Policy.ExtrinsicValueEstimate.mean": {
            "value": 23.72376251220703,
            "min": -1.2675093412399292,
            "max": 29.356996536254883,
            "count": 41
        },
        "GroupJumper.Policy.ExtrinsicValueEstimate.sum": {
            "value": 246300.09375,
            "min": -1457.0731201171875,
            "max": 321048.25,
            "count": 41
        },
        "GroupJumper.Environment.CumulativeReward.mean": {
            "value": 0.0,
            "min": 0.0,
            "max": 0.0,
            "count": 41
        },
        "GroupJumper.Environment.CumulativeReward.sum": {
            "value": 0.0,
            "min": 0.0,
            "max": 0.0,
            "count": 41
        },
        "GroupJumper.Policy.ExtrinsicReward.mean": {
            "value": 0.9311496753599391,
            "min": -0.7891213595867157,
            "max": 0.9380877108601798,
            "count": 41
        },
        "GroupJumper.Policy.ExtrinsicReward.sum": {
            "value": 9667.195929586887,
            "min": -819.1079712510109,
            "max": 10587.25790476799,
            "count": 41
        },
        "GroupJumper.Environment.GroupCumulativeReward.mean": {
            "value": 0.9311496753599391,
            "min": -0.7891213595867157,
            "max": 0.9380877108601798,
            "count": 41
        },
        "GroupJumper.Environment.GroupCumulativeReward.sum": {
            "value": 9667.195929586887,
            "min": -819.1079712510109,
            "max": 10587.25790476799,
            "count": 41
        },
        "GroupJumper.Losses.PolicyLoss.mean": {
            "value": 0.026144045225034156,
            "min": 0.02060684162036826,
            "max": 0.027449352353966484,
            "count": 41
        },
        "GroupJumper.Losses.PolicyLoss.sum": {
            "value": 0.13072022612517079,
            "min": 0.08242736648147304,
            "max": 0.13724676176983241,
            "count": 41
        },
        "GroupJumper.Losses.ValueLoss.mean": {
            "value": 0.25178620318571726,
            "min": 0.01822646629375716,
            "max": 1.4829531002044676,
            "count": 41
        },
        "GroupJumper.Losses.ValueLoss.sum": {
            "value": 1.2589310159285863,
            "min": 0.09113233146878581,
            "max": 7.414765501022338,
            "count": 41
        },
        "GroupJumper.Losses.BaselineLoss.mean": {
            "value": 0.35811119486888254,
            "min": 0.018204192863777283,
            "max": 3.3961080320676174,
            "count": 41
        },
        "GroupJumper.Losses.BaselineLoss.sum": {
            "value": 1.7905559743444126,
            "min": 0.09102096431888641,
            "max": 16.980540160338087,
            "count": 41
        },
        "GroupJumper.Policy.LearningRate.mean": {
            "value": 0.0003,
            "min": 0.0003,
            "max": 0.0003,
            "count": 41
        },
        "GroupJumper.Policy.LearningRate.sum": {
            "value": 0.0014999999999999998,
            "min": 0.0012,
            "max": 0.0014999999999999998,
            "count": 41
        },
        "GroupJumper.Policy.Epsilon.mean": {
            "value": 0.13249568000000003,
            "min": 0.13249568000000003,
            "max": 0.19913904999999998,
            "count": 41
        },
        "GroupJumper.Policy.Epsilon.sum": {
            "value": 0.6624784000000001,
            "min": 0.5566809,
            "max": 0.9879572999999999,
            "count": 41
        },
        "GroupJumper.Policy.Beta.mean": {
            "value": 0.010000000000000002,
            "min": 0.010000000000000002,
            "max": 0.010000000000000002,
            "count": 41
        },
        "GroupJumper.Policy.Beta.sum": {
            "value": 0.05000000000000001,
            "min": 0.04000000000000001,
            "max": 0.05000000000000001,
            "count": 41
        },
        "GroupJumper.IsTraining.mean": {
            "value": 1.0,
            "min": 1.0,
            "max": 1.0,
            "count": 41
        },
        "GroupJumper.IsTraining.sum": {
            "value": 1.0,
            "min": 1.0,
            "max": 1.0,
            "count": 41
        }
    },
    "metadata": {
        "timer_format_version": "0.1.0",
        "start_time_seconds": "1680524773",
        "python_version": "3.9.13 (main, Oct 13 2022, 16:12:30) \n[Clang 12.0.0 ]",
        "command_line_arguments": "/Users/admin/opt/anaconda3/envs/my_rl_env/bin/mlagents-learn /Users/admin/Desktop/GameProjects/TestMLAgents/config/groupjumper_skill1_v8.yaml --env=/Users/admin/Desktop/GroupAgent_skill1_v8.app --run-id=GroupJumper_Skill1_v8 --no-graphic",
        "mlagents_version": "0.30.0",
        "mlagents_envs_version": "0.30.0",
        "communication_protocol_version": "1.5.0",
        "pytorch_version": "1.11.0",
        "numpy_version": "1.21.2",
        "end_time_seconds": "1680532711"
    },
    "total": 7937.467480017,
    "count": 1,
    "self": 0.5057396230004088,
    "children": {
        "run_training.setup": {
            "total": 0.02880376699999998,
            "count": 1,
            "self": 0.02880376699999998
        },
        "TrainerController.start_learning": {
            "total": 7936.932936626999,
            "count": 1,
            "self": 1.449255055013964,
            "children": {
                "TrainerController._reset_env": {
                    "total": 1.739359636,
                    "count": 1,
                    "self": 1.739359636
                },
                "TrainerController.advance": {
                    "total": 7933.579480387985,
                    "count": 59851,
                    "self": 1.2422668530507508,
                    "children": {
                        "env_step": {
                            "total": 2460.306109113008,
                            "count": 59851,
                            "self": 2356.9181631471097,
                            "children": {
                                "SubprocessEnvManager._take_step": {
                                    "total": 102.35494153792565,
                                    "count": 59851,
                                    "self": 3.7697139498366283,