{
    "name": "root",
    "gauges": {
        "GroupJumper.Policy.Entropy.mean": {
            "value": 0.0022770219948142767,
            "min": 0.0020100302062928677,
            "max": 0.007952280342578888,
            "count": 8
        },
        "GroupJumper.Policy.Entropy.sum": {
            "value": 228.6312255859375,
            "min": 201.8231201171875,
            "max": 798.4725952148438,
            "count": 8
        },
        "GroupJumper.Environment.EpisodeLength.mean": {
            "value": 23.90277777777778,
            "min": 23.748770894788596,
            "max": 23.902988855116515,
            "count": 8
        },
        "GroupJumper.Environment.EpisodeLength.sum": {
            "value": 96376.0,
            "min": 94369.0,
            "max": 96610.0,
            "count": 8
        },
        "GroupJumper.Step.mean": {
            "value": 399977.0,
            "min": 49975.0,
            "max": 399977.0,
            "count": 8
        },
        "GroupJumper.Step.sum": {
            "value": 399977.0,
            "min": 49975.0,
            "max": 399977.0,
            "count": 8
        },
        "GroupJumper.Policy.ExtrinsicBaselineEstimate.mean": {
            "value": 34.12726593017578,
            "min": 32.41506576538086,
            "max": 39.019893646240234,
            "count": 8
        },
        "GroupJumper.Policy.ExtrinsicBaselineEstimate.sum": {
            "value": 68766.4375,
            "min": 65348.7734375,
            "max": 78000.765625,
            "count": 8
        },
        "GroupJumper.Policy.ExtrinsicValueEstimate.mean": {
            "value": 35.819129943847656,
            "min": 32.01497268676758,
            "max": 37.6346549987793,
            "count": 8
        },
        "GroupJumper.Policy.ExtrinsicValueEstimate.sum": {
            "value": 72175.546875,
            "min": 64926.3671875,
            "max": 75231.671875,
            "count": 8
        },
        "GroupJumper.Environment.CumulativeReward.mean": {
            "value": 0.7955831512697873,
            "min": 0.45820002258569004,
            "max": 0.7955831512697873,
            "count": 8
        },
        "GroupJumper.Environment.CumulativeReward.sum": {
            "value": 1603.1000498086214,
            "min": 916.40004517138,
            "max": 1603.1000498086214,
            "count": 8
        },
        "GroupJumper.Policy.ExtrinsicReward.mean": {
            "value": 7.853002145035982,
            "min": 1.243099794253707,
            "max": 8.713194143965781,
            "count": 8
        },
        "GroupJumper.Policy.ExtrinsicReward.sum": {
            "value": 15823.799322247505,
            "min": 2486.199588507414,
            "max": 17565.799394235015,
            "count": 8
        },
        "GroupJumper.Environment.GroupCumulativeReward.mean": {
            "value": 5.504565322480485,
            "min": -0.3700002410113811,
            "max": 6.462598763228882,
            "count": 8
        },
        "GroupJumper.Environment.GroupCumulativeReward.sum": {
            "value": 11091.699124798179,
            "min": -740.0004820227623,
            "max": 13028.599106669426,
            "count": 8
        },
        "GroupJumper.Losses.PolicyLoss.mean": {
            "value": 0.01802541684721493,
            "min": 0.01599126754445024,
            "max": 0.020230042109809193,
            "count": 8
        },
        "GroupJumper.Losses.PolicyLoss.sum": {
            "value": 0.05407625054164479,
            "min": 0.03198253508890048,
            "max": 0.05407625054164479,
            "count": 8
        },
        "GroupJumper.Losses.ValueLoss.mean": {
            "value": 4.256954097747803,
            "min": 3.9407640894254046,
            "max": 11.789109547932942,
            "count": 8
        },
        "GroupJumper.Losses.ValueLoss.sum": {
            "value": 12.77086229324341,
            "min": 7.881528178850809,
            "max": 23.578219095865883,
            "count": 8
        },
        "GroupJumper.Losses.BaselineLoss.mean": {
            "value": 13.126980325910779,
            "min": 4.507328406969706,
            "max": 21.091417694091795,
            "count": 8
        },
        "GroupJumper.Losses.BaselineLoss.sum": {
            "value": 39.38094097773234,
            "min": 9.014656813939412,
            "max": 42.18283538818359,
            "count": 8
        },
        "GroupJumper.Policy.LearningRate.mean": {
            "value": 0.0003,
            "min": 0.0003,
            "max": 0.0003,
            "count": 8
        },
        "GroupJumper.Policy.LearningRate.sum": {
            "value": 0.0009,
            "min": 0.0006,
            "max": 0.0009,
            "count": 8
        },
        "GroupJumper.Policy.Epsilon.mean": {
            "value": 0.10657950000000001,
            "min": 0.10657950000000001,
            "max": 0.192275,
            "count": 8
        },
        "GroupJumper.Policy.Epsilon.sum": {
            "value": 0.31973850000000004,
            "min": 0.23922974999999996,
            "max": 0.5069999999999999,
            "count": 8
        },
        "GroupJumper.Policy.Beta.mean": {
            "value": 0.010000000000000002,
            "min": 0.010000000000000002,
            "max": 0.010000000000000002,
            "count": 8
        },
        "GroupJumper.Policy.Beta.sum": {
            "value": 0.030000000000000006,
            "min": 0.020000000000000004,
            "max": 0.030000000000000006,
            "count": 8
        },
        "GroupJumper.IsTraining.mean": {
            "value": 1.0,
            "min": 1.0,
            "max": 1.0,
            "count": 8
        },
        "GroupJumper.IsTraining.sum": {
            "value": 1.0,
            "min": 1.0,
            "max": 1.0,
            "count": 8
        }
    },
    "metadata": {
        "timer_format_version": "0.1.0",
        "start_time_seconds": "1679766921",
        "python_version": "3.9.13 (main, Oct 13 2022, 16:12:30) \n[Clang 12.0.0 ]",
        "command_line_arguments": "/Users/admin/opt/anaconda3/envs/my_rl_env/bin/mlagents-learn /Users/admin/Desktop/GameProjects/TestMLAgents/config/groupjumper_v3.yaml --env=/Users/admin/Desktop/GroupAgent_2Group.app --run-id=GroupJumper_v6 --initialize-from=/Users/admin/Desktop/GameProjects/TestMLAgents/results/GroupJumper_v6 --force --no-graphic",
        "mlagents_version": "0.30.0",
        "mlagents_envs_version": "0.30.0",
        "communication_protocol_version": "1.5.0",
        "pytorch_version": "1.11.0",
        "numpy_version": "1.21.2",
        "end_time_seconds": "1679771023"
    },
    "total": 4102.329531111999,
    "count": 1,
    "self": 0.4168565939990003,
    "children": {
        "run_training.setup": {
            "total": 0.023986041999999985,
            "count": 1,
            "self": 0.023986041999999985
        },
        "TrainerController.start_learning": {
            "total": 4101.888688476,
            "count": 1,
            "self": 0.5917901169568722,
            "children": {
                "TrainerController._reset_env": {
                    "total": 1.7220420810008072,
                    "count": 3,
                    "self": 1.7220420810008072
                },
                "TrainerController.advance": {
                    "total": 4099.396994963043,
                    "count": 33525,
                    "self": 0.6006804670614656,
                    "children": {
                        "env_step": {
                            "total": 1079.5654069449995,
                            "count": 33525,
                            "self": 1005.3510488360267,
                            "children": {
                                "SubprocessEnvManager._take_step": {
                                    "total": 73.54670788595274,
                                    "count": 33525,
                                    "self": 2.646241580974319,