{
    "name": "root",
    "gauges": {
        "GroupJumper.Policy.Entropy.mean": {
            "value": 1.3713465929031372,
            "min": 1.335373044013977,
            "max": 1.987426996231079,
            "count": 20
        },
        "GroupJumper.Policy.Entropy.sum": {
            "value": 68424.7109375,
            "min": 66633.8203125,
            "max": 100195.5078125,
            "count": 20
        },
        "GroupJumper.Environment.EpisodeLength.mean": {
            "value": 48.5,
            "min": 48.5,
            "max": 48.5,
            "count": 20
        },
        "GroupJumper.Environment.EpisodeLength.sum": {
            "value": 48888.0,
            "min": 48888.0,
            "max": 50052.0,
            "count": 20
        },
        "GroupJumper.Step.mean": {
            "value": 999999.0,
            "min": 49995.0,
            "max": 999999.0,
            "count": 20
        },
        "GroupJumper.Step.sum": {
            "value": 999999.0,
            "min": 49995.0,
            "max": 999999.0,
            "count": 20
        },
        "GroupJumper.Policy.ExtrinsicBaselineEstimate.mean": {
            "value": 31.3997745513916,
            "min": -0.028779717162251472,
            "max": 32.7622184753418,
            "count": 20
        },
        "GroupJumper.Policy.ExtrinsicBaselineEstimate.sum": {
            "value": 31745.171875,
            "min": -29.067514419555664,
            "max": 33089.83984375,
            "count": 20
        },
        "GroupJumper.Policy.ExtrinsicValueEstimate.mean": {
            "value": 31.406814575195312,
            "min": 0.01424214243888855,
            "max": 32.92234802246094,
            "count": 20
        },
        "GroupJumper.Policy.ExtrinsicValueEstimate.sum": {
            "value": 31752.2890625,
            "min": 14.384563446044922,
            "max": 33251.5703125,
            "count": 20
        },
        "GroupJumper.Environment.CumulativeReward.mean": {
            "value": 0.0,
            "min": 0.0,
            "max": 0.0,
            "count": 20
        },
        "GroupJumper.Environment.CumulativeReward.sum": {
            "value": 0.0,
            "min": 0.0,
            "max": 0.0,
            "count": 20
        },
        "GroupJumper.Policy.ExtrinsicReward.mean": {
            "value": 14.71673160030863,
            "min": 0.1278218394458884,
            "max": 14.71673160030863,
            "count": 20
        },
        "GroupJumper.Policy.ExtrinsicReward.sum": {
            "value": 14878.615647912025,
            "min": 129.1000578403473,
            "max": 14878.615647912025,
            "count": 20
        },
        "GroupJumper.Environment.GroupCumulativeReward.mean": {
            "value": 14.71673160030863,
            "min": 0.1278218394458884,
            "max": 14.71673160030863,
            "count": 20
        },
        "GroupJumper.Environment.GroupCumulativeReward.sum": {
            "value": 14878.615647912025,
            "min": 129.1000578403473,
            "max": 14878.615647912025,
            "count": 20
        },
        "GroupJumper.Losses.PolicyLoss.mean": {
            "value": 0.1971354181005778,
            "min": 0.19370892184616148,
            "max": 0.20023619124668052,
            "count": 20
        },
        "GroupJumper.Losses.PolicyLoss.sum": {
            "value": 8.279687560224268,
            "min": 8.135774717538782,
            "max": 8.605682604083045,
            "count": 20
        },
        "GroupJumper.Losses.ValueLoss.mean": {
            "value": 4.984123888402755,
            "min": 0.1496328274814657,
            "max": 5.706137667563099,
            "count": 20
        },
        "GroupJumper.Losses.ValueLoss.sum": {
            "value": 209.3332033129157,
            "min": 6.284578754221559,
            "max": 239.65778203765015,
            "count": 20
        },
        "GroupJumper.Losses.BaselineLoss.mean": {
            "value": 14.920753684980017,
            "min": 0.2336396499341058,
            "max": 26.423105310132975,
            "count": 20
        },
        "GroupJumper.Losses.BaselineLoss.sum": {
            "value": 626.6716547691607,
            "min": 9.812865297232443,
            "max": 1109.770423025585,
            "count": 20
        },
        "GroupJumper.Policy.LearningRate.mean": {
            "value": 0.00030000000000000003,
            "min": 0.0003,
            "max": 0.00030000000000000003,
            "count": 20
        },
        "GroupJumper.Policy.LearningRate.sum": {
            "value": 0.0126,
            "min": 0.0126,
            "max": 0.0129,
            "count": 20
        },
        "GroupJumper.Policy.Epsilon.mean": {
            "value": 0.10252460000000002,
            "min": 0.10252460000000002,
            "max": 0.1974458,
            "count": 20
        },
        "GroupJumper.Policy.Epsilon.sum": {
            "value": 4.306033200000001,
            "min": 4.306033200000001,
            "max": 8.2927236,
            "count": 20
        },
        "GroupJumper.Policy.Beta.mean": {
            "value": 0.009999999999999998,
            "min": 0.009999999999999998,
            "max": 0.009999999999999998,
            "count": 20
        },
        "GroupJumper.Policy.Beta.sum": {
            "value": 0.41999999999999993,
            "min": 0.41999999999999993,
            "max": 0.42999999999999994,
            "count": 20
        },
        "GroupJumper.IsTraining.mean": {
            "value": 1.0,
            "min": 1.0,
            "max": 1.0,
            "count": 20
        },
        "GroupJumper.IsTraining.sum": {
            "value": 1.0,
            "min": 1.0,
            "max": 1.0,
            "count": 20
        }
    },
    "metadata": {
        "timer_format_version": "0.1.0",
        "start_time_seconds": "1680258652",
        "python_version": "3.9.13 (main, Oct 13 2022, 16:12:30) \n[Clang 12.0.0 ]",
        "command_line_arguments": "/Users/admin/opt/anaconda3/envs/my_rl_env/bin/mlagents-learn /Users/admin/Desktop/GameProjects/TestMLAgents/config/groupjumper_skill1_v1.yaml --env=/Users/admin/Desktop/GroupAgent_skill1_v2.app --run-id=GroupJumper_Skill1_v2 --no-graphic --initialize-from=/Users/admin/Desktop/GameProjects/TestMLAgents/results/GroupJumper_Skill1_v1",
        "mlagents_version": "0.30.0",
        "mlagents_envs_version": "0.30.0",
        "communication_protocol_version": "1.5.0",
        "pytorch_version": "1.11.0",
        "numpy_version": "1.21.2",
        "end_time_seconds": "1680262803"
    },
    "total": 4150.8401108260005,
    "count": 1,
    "self": 0.3401942010004859,
    "children": {
        "run_training.setup": {
            "total": 0.022680723000000014,
            "count": 1,
            "self": 0.022680723000000014
        },
        "TrainerController.start_learning": {
            "total": 4150.477235902,
            "count": 1,
            "self": 0.7485948949924932,
            "children": {
                "TrainerController._reset_env": {
                    "total": 1.6529034189999998,
                    "count": 1,
                    "self": 1.6529034189999998
                },
                "TrainerController.advance": {
                    "total": 4147.962629547008,
                    "count": 42100,
                    "self": 0.7307486989884637,
                    "children": {
                        "env_step": {
                            "total": 1141.066398646021,
                            "count": 42100,
                            "self": 1081.4446983949535,
                            "children": {
                                "SubprocessEnvManager._take_step": {
                                    "total": 58.93008363602755,
                                    "count": 42100,
                                    "self": 2.214494043038819,