{
    "name": "root",
    "gauges": {
        "GroupJumper.Policy.Entropy.mean": {
            "value": 1.3438557386398315,
            "min": 1.3021589517593384,
            "max": 1.7083423137664795,
            "count": 5
        },
        "GroupJumper.Policy.Entropy.sum": {
            "value": 67319.109375,
            "min": 19066.681640625,
            "max": 85637.4921875,
            "count": 5
        },
        "GroupJumper.Environment.EpisodeLength.mean": {
            "value": 6.231569817866435,
            "min": 6.149785407725322,
            "max": 8.782224838140083,
            "count": 5
        },
        "GroupJumper.Environment.EpisodeLength.sum": {
            "value": 43110.0,
            "min": 9933.0,
            "max": 44763.0,
            "count": 5
        },
        "GroupJumper.Step.mean": {
            "value": 2999995.0,
            "min": 2799999.0,
            "max": 2999995.0,
            "count": 5
        },
        "GroupJumper.Step.sum": {
            "value": 2999995.0,
            "min": 2799999.0,
            "max": 2999995.0,
            "count": 5
        },
        "GroupJumper.Policy.ExtrinsicBaselineEstimate.mean": {
            "value": 41.37959289550781,
            "min": 26.89809226989746,
            "max": 41.37959289550781,
            "count": 5
        },
        "GroupJumper.Policy.ExtrinsicBaselineEstimate.sum": {
            "value": 286139.875,
            "min": 50532.7734375,
            "max": 286139.875,
            "count": 5
        },
        "GroupJumper.Policy.ExtrinsicValueEstimate.mean": {
            "value": 41.24178695678711,
            "min": 26.6543025970459,
            "max": 41.24178695678711,
            "count": 5
        },
        "GroupJumper.Policy.ExtrinsicValueEstimate.sum": {
            "value": 285186.96875,
            "min": 50183.96875,
            "max": 285186.96875,
            "count": 5
        },
        "GroupJumper.Environment.CumulativeReward.mean": {
            "value": 0.0,
            "min": 0.0,
            "max": 0.0,
            "count": 5
        },
        "GroupJumper.Environment.CumulativeReward.sum": {
            "value": 0.0,
            "min": 0.0,
            "max": 0.0,
            "count": 5
        },
        "GroupJumper.Policy.ExtrinsicReward.mean": {
            "value": 2.419050202486917,
            "min": 2.2314955261310057,
            "max": 2.4637758004960286,
            "count": 5
        },
        "GroupJumper.Policy.ExtrinsicReward.sum": {
            "value": 16727.73215019703,
            "min": 3321.0140249729156,
            "max": 17229.18417286873,
            "count": 5
        },
        "GroupJumper.Environment.GroupCumulativeReward.mean": {
            "value": 2.419050202486917,
            "min": 2.2314955261310057,
            "max": 2.4637758004960286,
            "count": 5
        },
        "GroupJumper.Environment.GroupCumulativeReward.sum": {
            "value": 16727.73215019703,
            "min": 3321.0140249729156,
            "max": 17229.18417286873,
            "count": 5
        },
        "GroupJumper.Losses.PolicyLoss.mean": {
            "value": 0.17954492788435006,
            "min": 0.17886478175700685,
            "max": 0.1855055087540496,
            "count": 5
        },
        "GroupJumper.Losses.PolicyLoss.sum": {
            "value": 95.33835670658988,
            "min": 20.9271794655698,
            "max": 96.30914991925118,
            "count": 5
        },
        "GroupJumper.Losses.ValueLoss.mean": {
            "value": 3.687160460936211,
            "min": 1.7180402950291633,
            "max": 3.687160460936211,
            "count": 5
        },
        "GroupJumper.Losses.ValueLoss.sum": {
            "value": 1957.882204757128,
            "min": 353.825409777778,
            "max": 1957.882204757128,
            "count": 5
        },
        "GroupJumper.Losses.BaselineLoss.mean": {
            "value": 8.932708329116814,
            "min": 4.499054073594765,
            "max": 8.932708329116814,
            "count": 5
        },
        "GroupJumper.Losses.BaselineLoss.sum": {
            "value": 4743.268122761028,
            "min": 771.9588553111483,
            "max": 4743.268122761028,
            "count": 5
        },
        "GroupJumper.Policy.LearningRate.mean": {
            "value": 0.0003,
            "min": 0.0003,
            "max": 0.00030000000000000003,
            "count": 5
        },
        "GroupJumper.Policy.LearningRate.sum": {
            "value": 0.1593,
            "min": 0.035100000000000006,
            "max": 0.1596,
            "count": 5
        },
        "GroupJumper.Policy.Epsilon.mean": {
            "value": 0.10084239491525424,
            "min": 0.10084239491525424,
            "max": 0.10685401965811966,
            "count": 5
        },
        "GroupJumper.Policy.Epsilon.sum": {
            "value": 53.5473117,
            "min": 12.5019203,
            "max": 54.538598900000004,
            "count": 5
        },
        "GroupJumper.Policy.Beta.mean": {
            "value": 0.01,
            "min": 0.01,
            "max": 0.010000000000000002,
            "count": 5
        },
        "GroupJumper.Policy.Beta.sum": {
            "value": 5.3100000000000005,
            "min": 1.1700000000000002,
            "max": 5.32,
            "count": 5
        },
        "GroupJumper.IsTraining.mean": {
            "value": 1.0,
            "min": 1.0,
            "max": 1.0,
            "count": 5
        },
        "GroupJumper.IsTraining.sum": {
            "value": 1.0,
            "min": 1.0,
            "max": 1.0,
            "count": 5
        }
    },
    "metadata": {
        "timer_format_version": "0.1.0",
        "start_time_seconds": "1680454328",
        "python_version": "3.9.13 (main, Oct 13 2022, 16:12:30) \n[Clang 12.0.0 ]",
        "command_line_arguments": "/Users/admin/opt/anaconda3/envs/my_rl_env/bin/mlagents-learn /Users/admin/Desktop/GameProjects/TestMLAgents/config/groupjumper_skill1_v5.yaml --env=/Users/admin/Desktop/GroupAgent_skill1_v6.app --run-id=GroupJumper_Skill1_v6 --no-graphic --resume",
        "mlagents_version": "0.30.0",
        "mlagents_envs_version": "0.30.0",
        "communication_protocol_version": "1.5.0",
        "pytorch_version": "1.11.0",
        "numpy_version": "1.21.2",
        "end_time_seconds": "1680455876"
    },
    "total": 1548.0087835289999,
    "count": 1,
    "self": 0.43421144699982506,
    "children": {
        "run_training.setup": {
            "total": 0.02498642799999984,
            "count": 1,
            "self": 0.02498642799999984
        },
        "TrainerController.start_learning": {
            "total": 1547.549585654,
            "count": 1,
            "self": 0.1606019610014755,
            "children": {
                "TrainerController._reset_env": {
                    "total": 1.6259597790000002,
                    "count": 1,
                    "self": 1.6259597790000002
                },
                "TrainerController.advance": {
                    "total": 1545.6336993869986,
                    "count": 6144,
                    "self": 0.12499560899755124,
                    "children": {
                        "env_step": {
                            "total": 232.32299509199697,
                            "count": 6144,
                            "self": 222.45433645298888,
                            "children": {
                                "SubprocessEnvManager._take_step": {
                                    "total": 9.771952767000762,
                                    "count": 6144,
                                    "self": 0.3847207849861558,
                                    "children": {
                                        "TorchPolicy.evaluate": {
                                            "total": 9.387231982014606,
                                            "count": 6144,