{
    "name": "root",
    "gauges": {
        "GroupJumper.Policy.Entropy.mean": {
            "value": 1.1216703653335571,
            "min": 0.952730119228363,
            "max": 2.281963586807251,
            "count": 20
        },
        "GroupJumper.Policy.Entropy.sum": {
            "value": 55966.8671875,
            "min": 47537.421875,
            "max": 116571.828125,
            "count": 20
        },
        "GroupJumper.Environment.EpisodeLength.mean": {
            "value": 48.5,
            "min": 48.5,
            "max": 48.5,
            "count": 20
        },
        "GroupJumper.Environment.EpisodeLength.sum": {
            "value": 48888.0,
            "min": 48888.0,
            "max": 50052.0,
            "count": 20
        },
        "GroupJumper.Step.mean": {
            "value": 999999.0,
            "min": 49995.0,
            "max": 999999.0,
            "count": 20
        },
        "GroupJumper.Step.sum": {
            "value": 999999.0,
            "min": 49995.0,
            "max": 999999.0,
            "count": 20
        },
        "GroupJumper.Policy.ExtrinsicBaselineEstimate.mean": {
            "value": 60.22629928588867,
            "min": 1.9460773468017578,
            "max": 61.11691665649414,
            "count": 20
        },
        "GroupJumper.Policy.ExtrinsicBaselineEstimate.sum": {
            "value": 60888.7890625,
            "min": 1965.5380859375,
            "max": 61728.0859375,
            "count": 20
        },
        "GroupJumper.Policy.ExtrinsicValueEstimate.mean": {
            "value": 60.18321228027344,
            "min": 2.6505210399627686,
            "max": 61.07804489135742,
            "count": 20
        },
        "GroupJumper.Policy.ExtrinsicValueEstimate.sum": {
            "value": 60845.2265625,
            "min": 2677.0263671875,
            "max": 61688.82421875,
            "count": 20
        },
        "GroupJumper.Environment.CumulativeReward.mean": {
            "value": 0.0,
            "min": 0.0,
            "max": 0.0,
            "count": 20
        },
        "GroupJumper.Environment.CumulativeReward.sum": {
            "value": 0.0,
            "min": 0.0,
            "max": 0.0,
            "count": 20
        },
        "GroupJumper.Policy.ExtrinsicReward.mean": {
            "value": 29.85520888695495,
            "min": 3.373366518953059,
            "max": 30.106040737416485,
            "count": 20
        },
        "GroupJumper.Policy.ExtrinsicReward.sum": {
            "value": 30183.616184711456,
            "min": 3407.1001841425896,
            "max": 30407.10114479065,
            "count": 20
        },
        "GroupJumper.Environment.GroupCumulativeReward.mean": {
            "value": 29.85520888695495,
            "min": 3.373366518953059,
            "max": 30.106040737416485,
            "count": 20
        },
        "GroupJumper.Environment.GroupCumulativeReward.sum": {
            "value": 30183.616184711456,
            "min": 3407.1001841425896,
            "max": 30407.10114479065,
            "count": 20
        },
        "GroupJumper.Losses.PolicyLoss.mean": {
            "value": 0.19766403855634068,
            "min": 0.19638059196749194,
            "max": 0.22964201668031267,
            "count": 20
        },
        "GroupJumper.Losses.PolicyLoss.sum": {
            "value": 8.301889619366309,
            "min": 8.247984862634661,
            "max": 9.644964700573132,
            "count": 20
        },
        "GroupJumper.Losses.ValueLoss.mean": {
            "value": 0.6573706635292771,
            "min": 0.402363623384944,
            "max": 2.4549337694847315,
            "count": 20
        },
        "GroupJumper.Losses.ValueLoss.sum": {
            "value": 27.60956786822964,
            "min": 16.89927218216765,
            "max": 103.10721831835873,
            "count": 20
        },
        "GroupJumper.Losses.BaselineLoss.mean": {
            "value": 1.2580071897096115,
            "min": 0.5197774943752204,
            "max": 11.248643302779401,
            "count": 20
        },
        "GroupJumper.Losses.BaselineLoss.sum": {
            "value": 52.836301967803685,
            "min": 21.830654763759256,
            "max": 472.44301871673485,
            "count": 20
        },
        "GroupJumper.Policy.LearningRate.mean": {
            "value": 0.00030000000000000003,
            "min": 0.0003,
            "max": 0.00030000000000000003,
            "count": 20
        },
        "GroupJumper.Policy.LearningRate.sum": {
            "value": 0.0126,
            "min": 0.0126,
            "max": 0.0129,
            "count": 20
        },
        "GroupJumper.Policy.Epsilon.mean": {
            "value": 0.10252460000000002,
            "min": 0.10252460000000002,
            "max": 0.1974458,
            "count": 20
        },
        "GroupJumper.Policy.Epsilon.sum": {
            "value": 4.306033200000001,
            "min": 4.306033200000001,
            "max": 8.2927236,
            "count": 20
        },
        "GroupJumper.Policy.Beta.mean": {
            "value": 0.009999999999999998,
            "min": 0.009999999999999998,
            "max": 0.009999999999999998,
            "count": 20
        },
        "GroupJumper.Policy.Beta.sum": {
            "value": 0.41999999999999993,
            "min": 0.41999999999999993,
            "max": 0.42999999999999994,
            "count": 20
        },
        "GroupJumper.IsTraining.mean": {
            "value": 1.0,
            "min": 1.0,
            "max": 1.0,
            "count": 20
        },
        "GroupJumper.IsTraining.sum": {
            "value": 1.0,
            "min": 1.0,
            "max": 1.0,
            "count": 20
        }
    },
    "metadata": {
        "timer_format_version": "0.1.0",
        "start_time_seconds": "1680253299",
        "python_version": "3.9.13 (main, Oct 13 2022, 16:12:30) \n[Clang 12.0.0 ]",
        "command_line_arguments": "/Users/admin/opt/anaconda3/envs/my_rl_env/bin/mlagents-learn /Users/admin/Desktop/GameProjects/TestMLAgents/config/groupjumper_skill1_v1.yaml --env=/Users/admin/Desktop/GroupAgent_skill1_v1.app --run-id=GroupJumper_Skill1_v1 --no-graphic",
        "mlagents_version": "0.30.0",
        "mlagents_envs_version": "0.30.0",
        "communication_protocol_version": "1.5.0",
        "pytorch_version": "1.11.0",
        "numpy_version": "1.21.2",
        "end_time_seconds": "1680257481"
    },
    "total": 4181.747152481,
    "count": 1,
    "self": 0.35893223000039143,
    "children": {
        "run_training.setup": {
            "total": 0.026426483999999917,
            "count": 1,
            "self": 0.026426483999999917
        },
        "TrainerController.start_learning": {
            "total": 4181.361793767,
            "count": 1,
            "self": 0.7471590530358299,
            "children": {
                "TrainerController._reset_env": {
                    "total": 2.840330925,
                    "count": 1,
                    "self": 2.840330925
                },
                "TrainerController.advance": {
                    "total": 4177.655056548964,
                    "count": 42100,
                    "self": 0.7768769509630147,
                    "children": {
                        "env_step": {
                            "total": 1184.4135142550122,
                            "count": 42100,
                            "self": 1121.862442796099,
                            "children": {
                                "SubprocessEnvManager._take_step": {
                                    "total": 61.82588237991319,
                                    "count": 42100,
                                    "self": 2.3177211739003027,
                                    "children": {
                                        "TorchPolicy.evaluate": {
                                            "total": 59.508161206012886,