{
    "name": "root",
    "gauges": {
        "GroupJumper.Policy.Entropy.mean": {
            "value": 1.053734302520752,
            "min": 0.9646357893943787,
            "max": 1.2271370887756348,
            "count": 31
        },
        "GroupJumper.Policy.Entropy.sum": {
            "value": 52577.12890625,
            "min": 48131.46875,
            "max": 61229.234375,
            "count": 31
        },
        "GroupJumper.Environment.EpisodeLength.mean": {
            "value": 48.5,
            "min": 48.5,
            "max": 48.5,
            "count": 31
        },
        "GroupJumper.Environment.EpisodeLength.sum": {
            "value": 48888.0,
            "min": 39576.0,
            "max": 50052.0,
            "count": 31
        },
        "GroupJumper.Step.mean": {
            "value": 2999997.0,
            "min": 1499999.0,
            "max": 2999997.0,
            "count": 31
        },
        "GroupJumper.Step.sum": {
            "value": 2999997.0,
            "min": 1499999.0,
            "max": 2999997.0,
            "count": 31
        },
        "GroupJumper.Policy.ExtrinsicBaselineEstimate.mean": {
            "value": 46.76773452758789,
            "min": 32.51685333251953,
            "max": 53.61915969848633,
            "count": 31
        },
        "GroupJumper.Policy.ExtrinsicBaselineEstimate.sum": {
            "value": 47282.1796875,
            "min": 31268.71484375,
            "max": 54155.3515625,
            "count": 31
        },
        "GroupJumper.Policy.ExtrinsicValueEstimate.mean": {
            "value": 46.85079574584961,
            "min": 33.32615280151367,
            "max": 53.53835678100586,
            "count": 31
        },
        "GroupJumper.Policy.ExtrinsicValueEstimate.sum": {
            "value": 47366.15625,
            "min": 31503.76171875,
            "max": 54073.7421875,
            "count": 31
        },
        "GroupJumper.Environment.CumulativeReward.mean": {
            "value": 0.0,
            "min": 0.0,
            "max": 0.0,
            "count": 31
        },
        "GroupJumper.Environment.CumulativeReward.sum": {
            "value": 0.0,
            "min": 0.0,
            "max": 0.0,
            "count": 31
        },
        "GroupJumper.Policy.ExtrinsicReward.mean": {
            "value": 26.31811682053065,
            "min": 21.79316922402618,
            "max": 27.446634783957265,
            "count": 31
        },
        "GroupJumper.Policy.ExtrinsicReward.sum": {
            "value": 26607.616105556488,
            "min": 18044.565749645233,
            "max": 27721.101131796837,
            "count": 31
        },
        "GroupJumper.Environment.GroupCumulativeReward.mean": {
            "value": 26.31811682053065,
            "min": 21.79316922402618,
            "max": 27.446634783957265,
            "count": 31
        },
        "GroupJumper.Environment.GroupCumulativeReward.sum": {
            "value": 26607.616105556488,
            "min": 18044.565749645233,
            "max": 27721.101131796837,
            "count": 31
        },
        "GroupJumper.Losses.PolicyLoss.mean": {
            "value": 0.19489136995009138,
            "min": 0.19399611288163224,
            "max": 0.20068933035405642,
            "count": 31
        },
        "GroupJumper.Losses.PolicyLoss.sum": {
            "value": 8.185437537903837,
            "min": 6.436470630538843,
            "max": 8.518111394437213,
            "count": 31
        },
        "GroupJumper.Losses.ValueLoss.mean": {
            "value": 4.989936867518672,
            "min": 2.443185692633083,
            "max": 8.009655025672984,
            "count": 31
        },
        "GroupJumper.Losses.ValueLoss.sum": {
            "value": 209.57734843578424,
            "min": 102.6137990905895,
            "max": 336.4055110782653,
            "count": 31
        },
        "GroupJumper.Losses.BaselineLoss.mean": {
            "value": 11.913518383031443,
            "min": 5.91576813788168,
            "max": 18.512533069858733,
            "count": 31
        },
        "GroupJumper.Losses.BaselineLoss.sum": {
            "value": 500.3677720873206,
            "min": 248.46226179103056,
            "max": 777.5263889340667,
            "count": 31
        },
        "GroupJumper.Policy.LearningRate.mean": {
            "value": 0.00030000000000000003,
            "min": 0.0003,
            "max": 0.00030000000000000003,
            "count": 31
        },
        "GroupJumper.Policy.LearningRate.sum": {
            "value": 0.0126,
            "min": 0.0099,
            "max": 0.0129,
            "count": 31
        },
        "GroupJumper.Policy.Epsilon.mean": {
            "value": 0.10082180000000002,
            "min": 0.10082180000000002,
            "max": 0.15065840000000003,
            "count": 31
        },
        "GroupJumper.Policy.Epsilon.sum": {
            "value": 4.234515600000001,
            "min": 4.234515600000001,
            "max": 6.2652828000000005,
            "count": 31
        },
        "GroupJumper.Policy.Beta.mean": {
            "value": 0.009999999999999998,
            "min": 0.009999999999999998,
            "max": 0.009999999999999998,
            "count": 31
        },
        "GroupJumper.Policy.Beta.sum": {
            "value": 0.41999999999999993,
            "min": 0.32999999999999996,
            "max": 0.42999999999999994,
            "count": 31
        },
        "GroupJumper.IsTraining.mean": {
            "value": 1.0,
            "min": 1.0,
            "max": 1.0,
            "count": 31
        },
        "GroupJumper.IsTraining.sum": {
            "value": 1.0,
            "min": 1.0,
            "max": 1.0,
            "count": 31
        }
    },
    "metadata": {
        "timer_format_version": "0.1.0",
        "start_time_seconds": "1680326458",
        "python_version": "3.9.13 (main, Oct 13 2022, 16:12:30) \n[Clang 12.0.0 ]",
        "command_line_arguments": "/Users/admin/opt/anaconda3/envs/my_rl_env/bin/mlagents-learn /Users/admin/Desktop/GameProjects/TestMLAgents/config/groupjumper_skill1_v1.yaml --env=/Users/admin/Desktop/GroupAgent_skill1_v2.app --run-id=GroupJumper_Skill1_v4 --no-graphic --resume",
        "mlagents_version": "0.30.0",
        "mlagents_envs_version": "0.30.0",
        "communication_protocol_version": "1.5.0",
        "pytorch_version": "1.11.0",
        "numpy_version": "1.21.2",
        "end_time_seconds": "1680333349"
    },
    "total": 6888.797878757,
    "count": 1,
    "self": 0.5670879199997216,
    "children": {
        "run_training.setup": {
            "total": 0.033461096999999995,
            "count": 1,
            "self": 0.033461096999999995
        },
        "TrainerController.start_learning": {
            "total": 6888.19732974,
            "count": 1,
            "self": 1.160969719941022,
            "children": {
                "TrainerController._reset_env": {
                    "total": 1.93118459,
                    "count": 1,
                    "self": 1.93118459
                },
                "TrainerController.advance": {
                    "total": 6884.975066395059,
                    "count": 64850,
                    "self": 1.1760349742125982,
                    "children": {
                        "env_step": {
                            "total": 1810.78435851291,
                            "count": 64850,
                            "self": 1715.700818313861,
                            "children": {
                                "SubprocessEnvManager._take_step": {
                                    "total": 94.00262169002247,
                                    "count": 64850,
                                    "self": 3.591543300009235,
                                    "children": {
                                        "TorchPolicy.evaluate": {
                                            "total": 90.41107839001323,