{
    "name": "root",
    "gauges": {
        "SingleJumper.Policy.Entropy.mean": {
            "value": 0.005572648253291845,
            "min": 0.0037560665514320135,
            "max": 0.006835027597844601,
            "count": 10
        },
        "SingleJumper.Policy.Entropy.sum": {
            "value": 280.76116943359375,
            "min": 189.30575561523438,
            "max": 344.4853820800781,
            "count": 10
        },
        "SingleJumper.Step.mean": {
            "value": 499936.0,
            "min": 49984.0,
            "max": 499936.0,
            "count": 10
        },
        "SingleJumper.Step.sum": {
            "value": 499936.0,
            "min": 49984.0,
            "max": 499936.0,
            "count": 10
        },
        "SingleJumper.Policy.ExtrinsicValueEstimate.mean": {
            "value": -14.666821479797363,
            "min": -14.666821479797363,
            "max": -6.146897315979004,
            "count": 10
        },
        "SingleJumper.Policy.ExtrinsicValueEstimate.sum": {
            "value": -14681.48828125,
            "min": -14681.48828125,
            "max": -5962.490234375,
            "count": 10
        },
        "SingleJumper.Environment.EpisodeLength.mean": {
            "value": 199.0,
            "min": 199.0,
            "max": 199.0,
            "count": 10
        },
        "SingleJumper.Environment.EpisodeLength.sum": {
            "value": 50148.0,
            "min": 42984.0,
            "max": 50148.0,
            "count": 10
        },
        "SingleJumper.Environment.CumulativeReward.mean": {
            "value": -39.51033310521217,
            "min": -39.51033310521217,
            "max": -39.18856695570327,
            "count": 10
        },
        "SingleJumper.Environment.CumulativeReward.sum": {
            "value": -9956.603942513466,
            "min": -9956.603942513466,
            "max": -8464.730462431908,
            "count": 10
        },
        "SingleJumper.Policy.ExtrinsicReward.mean": {
            "value": -39.51033310521217,
            "min": -39.51033310521217,
            "max": -39.18856695570327,
            "count": 10
        },
        "SingleJumper.Policy.ExtrinsicReward.sum": {
            "value": -9956.603942513466,
            "min": -9956.603942513466,
            "max": -8464.730462431908,
            "count": 10
        },
        "SingleJumper.Losses.PolicyLoss.mean": {
            "value": 0.022088359027790525,
            "min": 0.020987484268844128,
            "max": 0.02657604309982465,
            "count": 10
        },
        "SingleJumper.Losses.PolicyLoss.sum": {
            "value": 0.11044179513895262,
            "min": 0.09352720774477347,
            "max": 0.125422742155691,
            "count": 10
        },
        "SingleJumper.Losses.ValueLoss.mean": {
            "value": 4.128019391695659,
            "min": 1.0718242637813091,
            "max": 4.599244588216147,
            "count": 10
        },
        "SingleJumper.Losses.ValueLoss.sum": {
            "value": 20.640096958478296,
            "min": 4.2872970551252365,
            "max": 22.99622294108073,
            "count": 10
        },
        "SingleJumper.Policy.LearningRate.mean": {
            "value": 1.5018334993919998e-05,
            "min": 1.5018334993919998e-05,
            "max": 0.00028392960535679994,
            "count": 10
        },
        "SingleJumper.Policy.LearningRate.sum": {
            "value": 7.509167496959999e-05,
            "min": 7.509167496959999e-05,
            "max": 0.0012738048753983997,
            "count": 10
        },
        "SingleJumper.Policy.Epsilon.mean": {
            "value": 0.11001216,
            "min": 0.11001216,
            "max": 0.28928639999999994,
            "count": 10
        },
        "SingleJumper.Policy.Epsilon.sum": {
            "value": 0.5500608,
            "min": 0.5177856000000001,
            "max": 1.3492031999999998,
            "count": 10
        },
        "SingleJumper.Policy.Beta.mean": {
            "value": 0.000259803392,
            "min": 0.000259803392,
            "max": 0.00473269568,
            "count": 10
        },
        "SingleJumper.Policy.Beta.sum": {
            "value": 0.0012990169600000001,
            "min": 0.0012990169600000001,
            "max": 0.02123761984,
            "count": 10
        },
        "SingleJumper.IsTraining.mean": {
            "value": 1.0,
            "min": 1.0,
            "max": 1.0,
            "count": 10
        },
        "SingleJumper.IsTraining.sum": {
            "value": 1.0,
            "min": 1.0,
            "max": 1.0,
            "count": 10
        }
    },
    "metadata": {
        "timer_format_version": "0.1.0",
        "start_time_seconds": "1678730863",
        "python_version": "3.9.13 (main, Oct 13 2022, 16:12:30) \n[Clang 12.0.0 ]",
        "command_line_arguments": "/Users/admin/opt/anaconda3/envs/my_rl_env/bin/mlagents-learn /Users/admin/Desktop/GameProjects/TestMLAgents/config/multijumper_v6.yaml --run-id=MultiJumper_v6 --initialize-from=/Users/admin/Desktop/GameProjects/TestMLAgents/results/MultiJumper_v6",
        "mlagents_version": "0.30.0",
        "mlagents_envs_version": "0.30.0",
        "communication_protocol_version": "1.5.0",
        "pytorch_version": "1.11.0",
        "numpy_version": "1.21.2",
        "end_time_seconds": "1678731991"
    },
    "total": 1128.106172805,
    "count": 1,
    "self": 0.0064571670000077575,
    "children": {
        "run_training.setup": {
            "total": 0.01842458300000005,
            "count": 1,
            "self": 0.01842458300000005
        },
        "TrainerController.start_learning": {
            "total": 1128.0812910549998,
            "count": 1,
            "self": 0.5609610089898069,
            "children": {
                "TrainerController._reset_env": {
                    "total": 5.8068539800000005,
                    "count": 1,
                    "self": 5.8068539800000005
                },
                "TrainerController.advance": {
                    "total": 1121.62348917901,
                    "count": 27856,
                    "self": 0.5549658499983252,
                    "children": {
                        "env_step": {
                            "total": 900.4386750989902,
                            "count": 27856,
                            "self": 862.7619153229929,
                            "children": {
                                "SubprocessEnvManager._take_step": {
                                    "total": 37.14185564300091,
                                    "count": 27856,
                                    "self": 1.5677193250074382,
                                    "children": {
                                        "TorchPolicy.evaluate": {
                                            "total": 35.57413631799347,
                                            "count": 27856,
                                            "self": 35.57413631799347
                                        }
                                    }
                                },
                                "workers": {
                                    "total": 0.5349041329964344,
                                    "count": 27856,
                                    "self": 0.0,
                                    "children": {
                                        "worker_root": {
                                            "total": 1120.9017793349929,
                                            "count": 27856,
                                            "is_parallel": true,
                                            "self": 307.0920248619974,
                                            "children": {
                                                "steps_from_proto": {
                                                    "total": 0.016776182000000084,