{
    "name": "root",
    "gauges": {
        "GroupJumper.Policy.Entropy.mean": {
            "value": 1.8269271850585938,
            "min": 1.8126994371414185,
            "max": 1.9855034351348877,
            "count": 10
        },
        "GroupJumper.Policy.Entropy.sum": {
            "value": 92077.1328125,
            "min": 85726.09375,
            "max": 97972.9453125,
            "count": 10
        },
        "GroupJumper.Environment.EpisodeLength.mean": {
            "value": 49.0,
            "min": 48.96296296296296,
            "max": 49.0,
            "count": 10
        },
        "GroupJumper.Environment.EpisodeLength.sum": {
            "value": 49392.0,
            "min": 42312.0,
            "max": 49392.0,
            "count": 10
        },
        "GroupJumper.Step.mean": {
            "value": 999982.0,
            "min": 549954.0,
            "max": 999982.0,
            "count": 10
        },
        "GroupJumper.Step.sum": {
            "value": 999982.0,
            "min": 549954.0,
            "max": 999982.0,
            "count": 10
        },
        "GroupJumper.Policy.ExtrinsicBaselineEstimate.mean": {
            "value": 23.904951095581055,
            "min": 15.800074577331543,
            "max": 23.904951095581055,
            "count": 10
        },
        "GroupJumper.Policy.ExtrinsicBaselineEstimate.sum": {
            "value": 23904.951171875,
            "min": 13414.263671875,
            "max": 23904.951171875,
            "count": 10
        },
        "GroupJumper.Policy.ExtrinsicValueEstimate.mean": {
            "value": 24.709409713745117,
            "min": 17.707645416259766,
            "max": 24.709409713745117,
            "count": 10
        },
        "GroupJumper.Policy.ExtrinsicValueEstimate.sum": {
            "value": 24709.41015625,
            "min": 15033.791015625,
            "max": 24709.41015625,
            "count": 10
        },
        "GroupJumper.Environment.CumulativeReward.mean": {
            "value": -0.09427999670617282,
            "min": -0.09958999676816166,
            "max": -0.09335664030421269,
            "count": 10
        },
        "GroupJumper.Environment.CumulativeReward.sum": {
            "value": -94.27999670617282,
            "min": -99.58999676816165,
            "max": -81.13999709300697,
            "count": 10
        },
        "GroupJumper.Policy.ExtrinsicReward.mean": {
            "value": 12.423210513442754,
            "min": 10.209220435470343,
            "max": 12.724226264657078,
            "count": 10
        },
        "GroupJumper.Policy.ExtrinsicReward.sum": {
            "value": 12423.210513442755,
            "min": 8731.28036725521,
            "max": 12736.950490921736,
            "count": 10
        },
        "GroupJumper.Environment.GroupCumulativeReward.mean": {
            "value": 12.70600052190572,
            "min": 10.508000486567617,
            "max": 13.004476084620446,
            "count": 10
        },
        "GroupJumper.Environment.GroupCumulativeReward.sum": {
            "value": 12706.00052190572,
            "min": 8974.680398494005,
            "max": 13017.480560705066,
            "count": 10
        },
        "GroupJumper.Losses.PolicyLoss.mean": {
            "value": 0.017089964381496733,
            "min": 0.013569092884426936,
            "max": 0.019282109511550516,
            "count": 10
        },
        "GroupJumper.Losses.PolicyLoss.sum": {
            "value": 0.034179928762993465,
            "min": 0.01624101259900878,
            "max": 0.05513063210916394,
            "count": 10
        },
        "GroupJumper.Losses.ValueLoss.mean": {
            "value": 6.181118067105611,
            "min": 4.678556267420451,
            "max": 6.181118067105611,
            "count": 10
        },
        "GroupJumper.Losses.ValueLoss.sum": {
            "value": 12.362236134211223,
            "min": 4.79027156829834,
            "max": 16.285507949193317,
            "count": 10
        },
        "GroupJumper.Losses.BaselineLoss.mean": {
            "value": 9.210787471135458,
            "min": 7.115487845738729,
            "max": 13.95939571592543,
            "count": 10
        },
        "GroupJumper.Losses.BaselineLoss.sum": {
            "value": 18.421574942270915,
            "min": 12.751668961842855,
            "max": 41.87818714777629,
            "count": 10
        },
        "GroupJumper.Policy.LearningRate.mean": {
            "value": 0.0003,
            "min": 0.0003,
            "max": 0.0003,
            "count": 10
        },
        "GroupJumper.Policy.LearningRate.sum": {
            "value": 0.0006,
            "min": 0.0003,
            "max": 0.0009,
            "count": 10
        },
        "GroupJumper.Policy.Epsilon.mean": {
            "value": 0.10281680000000001,
            "min": 0.10281680000000001,
            "max": 0.14708960000000004,
            "count": 10
        },
        "GroupJumper.Policy.Epsilon.sum": {
            "value": 0.20563360000000003,
            "min": 0.14708960000000004,
            "max": 0.42830880000000005,
            "count": 10
        },
        "GroupJumper.Policy.Beta.mean": {
            "value": 0.010000000000000002,
            "min": 0.010000000000000002,
            "max": 0.010000000000000002,
            "count": 10
        },
        "GroupJumper.Policy.Beta.sum": {
            "value": 0.020000000000000004,
            "min": 0.010000000000000002,
            "max": 0.030000000000000006,
            "count": 10
        },
        "GroupJumper.IsTraining.mean": {
            "value": 1.0,
            "min": 1.0,
            "max": 1.0,
            "count": 10
        },
        "GroupJumper.IsTraining.sum": {
            "value": 1.0,
            "min": 1.0,
            "max": 1.0,
            "count": 10
        }
    },
    "metadata": {
        "timer_format_version": "0.1.0",
        "start_time_seconds": "1679977639",
        "python_version": "3.9.13 (main, Oct 13 2022, 16:12:30) \n[Clang 12.0.0 ]",
        "command_line_arguments": "/Users/admin/opt/anaconda3/envs/my_rl_env/bin/mlagents-learn /Users/admin/Desktop/GameProjects/TestMLAgents/config/groupjumper_v3.yaml --env=/Users/admin/Desktop/GroupAgent_v8.app --run-id=GroupJumper_v8 --no-graphic --resume",
        "mlagents_version": "0.30.0",
        "mlagents_envs_version": "0.30.0",
        "communication_protocol_version": "1.5.0",
        "pytorch_version": "1.11.0",
        "numpy_version": "1.21.2",
        "end_time_seconds": "1679979873"
    },
    "total": 2234.2431468749996,
    "count": 1,
    "self": 0.7097305409993169,
    "children": {
        "run_training.setup": {
            "total": 0.036983538999999954,
            "count": 1,
            "self": 0.036983538999999954
        },
        "TrainerController.start_learning": {
            "total": 2233.496432795,
            "count": 1,
            "self": 0.24713877900921943,
            "children": {
                "TrainerController._reset_env": {
                    "total": 4.547216011999938,
                    "count": 4,
                    "self": 4.547216011999938
                },
                "TrainerController.advance": {
                    "total": 2228.5490946749915,
                    "count": 13698,
                    "self": 0.24305048699079634,
                    "children": {
                        "env_step": {
                            "total": 615.9671802430018,
                            "count": 13698,
                            "self": 587.1256249470044,
                            "children": {
                                "SubprocessEnvManager._take_step": {
                                    "total": 28.61091945599773,
                                    "count": 13698,
                                    "self": 0.7766631270109805,