{
    "name": "root",
    "gauges": {
        "GroupJumper.Policy.Entropy.mean": {
            "value": 1.7167372703552246,
            "min": 1.7122429609298706,
            "max": 1.824441909790039,
            "count": 9
        },
        "GroupJumper.Policy.Entropy.sum": {
            "value": 86461.7578125,
            "min": 84337.328125,
            "max": 91951.875,
            "count": 9
        },
        "GroupJumper.Environment.EpisodeLength.mean": {
            "value": 48.964285714285715,
            "min": 48.96296296296296,
            "max": 49.0,
            "count": 9
        },
        "GroupJumper.Environment.EpisodeLength.sum": {
            "value": 49356.0,
            "min": 47592.0,
            "max": 49392.0,
            "count": 9
        },
        "GroupJumper.Step.mean": {
            "value": 449978.0,
            "min": 49950.0,
            "max": 449978.0,
            "count": 9
        },
        "GroupJumper.Step.sum": {
            "value": 449978.0,
            "min": 49950.0,
            "max": 449978.0,
            "count": 9
        },
        "GroupJumper.Policy.ExtrinsicBaselineEstimate.mean": {
            "value": 27.727209091186523,
            "min": 23.735916137695312,
            "max": 27.727209091186523,
            "count": 9
        },
        "GroupJumper.Policy.ExtrinsicBaselineEstimate.sum": {
            "value": 27754.935546875,
            "min": 23712.1796875,
            "max": 27754.935546875,
            "count": 9
        },
        "GroupJumper.Policy.ExtrinsicValueEstimate.mean": {
            "value": 28.01007843017578,
            "min": 24.480144500732422,
            "max": 28.02310562133789,
            "count": 9
        },
        "GroupJumper.Policy.ExtrinsicValueEstimate.sum": {
            "value": 28038.087890625,
            "min": 24455.6640625,
            "max": 28038.087890625,
            "count": 9
        },
        "GroupJumper.Environment.CumulativeReward.mean": {
            "value": -0.08884115568683161,
            "min": -0.09605999703332782,
            "max": -0.0852647320172944,
            "count": 9
        },
        "GroupJumper.Environment.CumulativeReward.sum": {
            "value": -88.92999684251845,
            "min": -96.05999703332782,
            "max": -85.34999674931169,
            "count": 9
        },
        "GroupJumper.Policy.ExtrinsicReward.mean": {
            "value": 14.19237816033068,
            "min": 12.49586043933034,
            "max": 14.96509057700634,
            "count": 9
        },
        "GroupJumper.Policy.ExtrinsicReward.sum": {
            "value": 14206.57053849101,
            "min": 12495.86043933034,
            "max": 14965.09057700634,
            "count": 9
        },
        "GroupJumper.Environment.GroupCumulativeReward.mean": {
            "value": 14.459021628691957,
            "min": 12.770000573307275,
            "max": 15.244000651359558,
            "count": 9
        },
        "GroupJumper.Environment.GroupCumulativeReward.sum": {
            "value": 14473.48065032065,
            "min": 12770.000573307276,
            "max": 15244.000651359558,
            "count": 9
        },
        "GroupJumper.Losses.PolicyLoss.mean": {
            "value": 0.01979643072312077,
            "min": 0.015351465057271222,
            "max": 0.01979643072312077,
            "count": 9
        },
        "GroupJumper.Losses.PolicyLoss.sum": {
            "value": 0.03959286144624154,
            "min": 0.030702930114542445,
            "max": 0.05357573002111167,
            "count": 9
        },
        "GroupJumper.Losses.ValueLoss.mean": {
            "value": 6.1735568602879844,
            "min": 5.595029634899563,
            "max": 6.6303879737854,
            "count": 9
        },
        "GroupJumper.Losses.ValueLoss.sum": {
            "value": 12.347113720575969,
            "min": 12.181826162338258,
            "max": 19.037265698115032,
            "count": 9
        },
        "GroupJumper.Losses.BaselineLoss.mean": {
            "value": 7.902754171689352,
            "min": 6.877448235617744,
            "max": 9.651012150446574,
            "count": 9
        },
        "GroupJumper.Losses.BaselineLoss.sum": {
            "value": 15.805508343378705,
            "min": 15.564576466878256,
            "max": 24.45049368540446,
            "count": 9
        },
        "GroupJumper.Policy.LearningRate.mean": {
            "value": 0.0003,
            "min": 0.0003,
            "max": 0.0003,
            "count": 9
        },
        "GroupJumper.Policy.LearningRate.sum": {
            "value": 0.0006,
            "min": 0.0006,
            "max": 0.0009,
            "count": 9
        },
        "GroupJumper.Policy.Epsilon.mean": {
            "value": 0.18596239999999994,
            "min": 0.18596239999999994,
            "max": 0.19891999999999996,
            "count": 9
        },
        "GroupJumper.Policy.Epsilon.sum": {
            "value": 0.3719247999999999,
            "min": 0.3719247999999999,
            "max": 0.5827200000000001,
            "count": 9
        },
        "GroupJumper.Policy.Beta.mean": {
            "value": 0.010000000000000002,
            "min": 0.010000000000000002,
            "max": 0.010000000000000002,
            "count": 9
        },
        "GroupJumper.Policy.Beta.sum": {
            "value": 0.020000000000000004,
            "min": 0.020000000000000004,
            "max": 0.030000000000000006,
            "count": 9
        },
        "GroupJumper.IsTraining.mean": {
            "value": 1.0,
            "min": 1.0,
            "max": 1.0,
            "count": 9
        },
        "GroupJumper.IsTraining.sum": {
            "value": 1.0,
            "min": 1.0,
            "max": 1.0,
            "count": 9
        }
    },
    "metadata": {
        "timer_format_version": "0.1.0",
        "start_time_seconds": "1679980369",
        "python_version": "3.9.13 (main, Oct 13 2022, 16:12:30) \n[Clang 12.0.0 ]",
        "command_line_arguments": "/Users/admin/opt/anaconda3/envs/my_rl_env/bin/mlagents-learn /Users/admin/Desktop/GameProjects/TestMLAgents/config/groupjumper_v3.yaml --env=/Users/admin/Desktop/GroupAgent_v8.app --run-id=GroupJumper_v9 --no-graphic --initialize-from=/Users/admin/Desktop/GameProjects/TestMLAgents/results/GroupJumper_v8",
        "mlagents_version": "0.30.0",
        "mlagents_envs_version": "0.30.0",
        "communication_protocol_version": "1.5.0",
        "pytorch_version": "1.11.0",
        "numpy_version": "1.21.2",
        "end_time_seconds": "1679982737"
    },
    "total": 2367.960906745,
    "count": 1,
    "self": 0.384273124000174,
    "children": {
        "run_training.setup": {
            "total": 0.01805707600000006,
            "count": 1,
            "self": 0.01805707600000006
        },
        "TrainerController.start_learning": {
            "total": 2367.558576545,
            "count": 1,
            "self": 0.25919667997914075,
            "children": {
                "TrainerController._reset_env": {
                    "total": 1.6275992769998742,
                    "count": 3,
                    "self": 1.6275992769998742
                },
                "TrainerController.advance": {
                    "total": 2365.4858146230213,
                    "count": 13799,
                    "self": 0.2513171399937164,
                    "children": {
                        "env_step": {
                            "total": 666.9961179100209,
                            "count": 13799,
                            "self": 636.0712587060088,
                            "children": {
                                "SubprocessEnvManager._take_step": {
                                    "total": 30.679066355007855,
                                    "count": 13799,
                                    "self": 0.8346303670114779,